Date,Step,Close_pred,Change_pred,Return_pred,Open_pred,High_pred,Low_pred,Volume_pred,TradingValue_pred,MarketCap_pred,SharesOutstanding_pred,MA_20_pred,Volatility_20_pred,Close_MA20_Ratio_pred,Close_actual
2025-05-02,0,55469.80749488124,-8.327532490338882,-0.04853946025170375,55416.37880539082,56087.60273410974,54986.038861783156,14296035.052734459,782123164867.0233,328486606459115.25,5919594235.236595,55360.17436835094,0.022857594132723095,1.0014378799809849,54600
2025-05-07,1,55460.28025347271,-10.189706780262753,-0.0019668476968281445,55445.767080234786,56122.47649788396,54962.034641657796,15296672.033074114,835328563092.0701,328422632315550.2,5919555945.623776,55353.79194315283,0.022834673671368308,1.0013265702902245,54600
2025-05-08,2,55460.34177121027,-3.423736125541552,0.016951062779554993,55456.09044749656,56137.73966014188,54952.07628082404,15925150.061906625,872717564638.3677,328399945984694.25,5919533577.425436,55348.08456168962,0.02287608634294325,1.0014499006653852,54800
2025-05-09,3,55459.433512283664,-0.1612679422672727,0.023415092754057232,55456.58277321025,56145.789781358435,54947.665600290464,16280241.527910054,894411801735.658,328397543164520.25,5919524868.965566,55341.49343324887,0.02293954158099651,1.0015786309749832,57600
2025-05-12,4,55459.901370459294,0.9846277530184011,0.025363262210080728,55459.44322232256,56151.80833258209,54947.290343768036,16456869.561284563,905000921086.4548,328402713062443.0,5919528288.083775,55334.44386828524,0.02301180505352164,1.001726369903266,56900
2025-05-13,5,55460.72049739634,0.9101330076911438,0.02512207800266192,55462.3400035572,56155.23574041415,54948.11476558646,16530066.65941453,909127676435.4628,328407910605457.94,5919539285.262355,55327.09792195762,0.023086923836268935,1.001875258252271,57400
2025-05-14,6,55460.95588145722,0.13818702623140666,0.02371397650885476,55464.43443937417,56156.451366304056,54948.75936385471,16546872.58919293,909760911553.062,328408831389806.2,5919555449.831184,55319.52696365166,0.023161217280035985,1.0020115876880746,57300
2025-05-15,7,55460.18810770129,-0.9425101897616628,0.021800348957649318,55465.349166672975,56155.80798327423,54948.60947791433,16533863.316450894,908562617255.8064,328403541480207.8,5919575257.635151,55311.75905003809,0.023232680644808098,1.0021298407796728,56800
2025-05-16,8,55458.28169733899,-2.1021048144945382,0.019772268616567223,55464.937958713956,56153.576358345366,54947.40094976759,16506035.622858295,906460707544.8704,328391507712689.75,5919597681.396235,55303.79638151374,0.023300353241156948,1.002228997763375,55800
2025-05-19,9,55455.24607039391,-3.2255518971634842,0.017825663677438985,55463.22189706651,56149.99260011304,54945.074620522755,16471784.10976652,903970799708.4968,328372903017072.0,5919622026.564883,55295.630723366194,0.023363858935787563,1.0023102470203902,55900
2025-05-20,10,55451.15832497391,-4.260372091536681,0.0160480550339282,55460.29497048365,56145.25893309274,54941.67221937769,16435719.26796056,901374798902.5739,328348226007337.9,5919647809.554988,55287.25133143537,0.023423144488292615,1.0023757045785509,55700
2025-05-21,11,55446.12170059187,-5.187709928973334,0.0144688238697544,55456.278030973,56139.54680510146,54937.280257215745,16400290.678202648,898822094245.0977,328318095992681.3,5919674683.012749,55278.64878740578,0.023478327368330987,1.0024277365885608,54700
2025-05-22,12,55440.24454337119,-6.006060444976356,0.013087540854537505,55451.296219380965,56133.00073961774,54932.000730440894,16366721.15108053,896387177533.6868,328283146724977.0,5919702389.378193,55269.81664332315,0.023529608591646822,1.002468628480714,54200
2025-05-23,13,55433.6300796025,-6.7222494937436466,0.011889690256309093,55445.46791754551,56125.742065548555,54925.93604930397,16335546.249584617,894102691412.4694,328243974955659.9,5919730731.538942,55260.75186878454,0.023577223791307646,1.0025004376682325,54700
2025-05-26,14,55426.37197798201,-7.346553178835848,0.010855172080534159,55438.90010301444,56117.87247213451,54919.181859885044,16306925.383848503,891978398208.8365,328201118734691.06,5919759554.163982,55251.45470057143,0.02362141644614065,1.002524943092081,53900
2025-05-27,15,55418.55296940833,-7.890122176408738,0.009962763041965084,55431.687027163134,56109.4772061995,54911.8241337023,16280820.064518165,890012017585.8628,328155051464059.7,5919788731.645115,55241.92822638099,0.023662423878696683,1.0025436441653177,55900
2025-05-28,16,55410.24501260562,-8.363690866975958,0.00919232401901049,55423.91054727888,56100.62784796649,54903.93849779874,16257094.919629943,888195358865.9736,328106183895817.1,5919818160.15495,55232.177880307245,0.023700470512632566,1.0025577830141865,56100
2025-05-29,17,55401.51017793242,-8.776995202196275,0.008525766426427939,55415.64121294364,56091.38466968415,54895.59068101135,16235573.911474086,886517732499.8379,328054869757549.5,5919847752.298586,55222.21094135271,0.023735765170731005,1.0025683759269595,56200
2025-05-30,18,55392.401803382774,-9.138572452939059,0.007947352979645439,55406.93962446947,56081.79861083379,54886.837457296715,16216070.711466435,884967794955.8025,328001412672120.25,5919877433.421684,55212.0360778716,0.023768500549849508,1.0025762466352728,56200
2025-06-02,19,55382.96569037952,-9.455758369257211,0.007443657812696736,55397.8578147547,56071.91291612241,54877.72775337162,16198404.310281876,883534499311.563,327946073159753.7,5919907138.994491,55201.66295444859,0.02379885380595039,1.0025820577912496,57800
2025-06-04,20,55373.24122592197,-9.734778681501496,0.007003367230696889,55388.44053508547,56061.764484877094,54868.30374946214,16182406.318631878,882207542531.4031,327889075138096.1,5919936812.708784,55191.10190385241,0.023826987648774306,1.0025863390585936,59100
2025-06-05,21,55363.26238289734,-9.980878460628816,0.006617020028228338,55378.72639571446,56051.38497778986,54858.60189205877,16167923.701324802,880977535851.3999,327830611680633.3,5919966405.057873,55180.36365989734,0.023853051616826132,1.0025895113355336,59800
2025-06-09,22,55353.05858515479,-10.198459422471132,0.006276739350056626,55368.74884924348,56040.80172207844,54848.653786844996,16154819.096405823,879836028397.9052,327770849977129.5,5919995872.251767,55169.45914414305,0.023877183359376705,1.0025919071885119,59200
2025-06-10,23,55342.65544156236,-10.391210265257143,0.00597598159413254,55358.53702345568,56030.03845055502,54838.486965968244,16142969.940722052,878775457915.7465,327709935531724.3,5920025175.370654,55158.39929855289,0.023899509840726852,1.002593787836431,59900
2025-06-11,24,55332.07536133897,-10.562223462736654,0.00570931320542184,55348.116418586615,56019.1159046295,54828.125536699576,16132267.081613535,877789069760.5181,327647995675475.6,5920054279.691886,55147.19495648371,0.02392014843117332,1.002595357122741,59500
2025-06-12,25,55321.33806583778,-10.714096434325882,0.005472218351212643,55337.50948681734,56008.05232628791,54817.59072412773,16122613.241446335,876870826403.8948,327585142483771.1,5920083154.146149,55135.856745120414,0.023939207875560125,1.0025967729244387,58300
2025-06-13,26,55310.46101213979,-10.849017328793451,0.005260936473553801,55326.73611170707,55996.86385972593,54806.90132221684,16113921.522828298,876015318892.3307,327521475188427.06,5920111770.871786,55124.39501338148,0.023956789143746077,1.002598156417039,57200
2025-06-16,27,55299.459742692234,-10.968836746821296,0.005072326882330058,55315.814003850464,55985.564879598016,54796.074067232876,16106114.04181135,875217685618.966,327457082166928.6,5920140104.845032,55112.81978024533,0.023972986173473786,1.0025995995669408,58100
2025-06-17,28,55288.34817356698,-11.07512714451724,0.004903756898621159,55304.759027079024,55974.16825972512,54785.12394628735,16099120.721295636,874473540430.9633,327392042581245.56,5920168133.569855,55101.140699300726,0.023987886518294685,1.0026011711703307,59800
2025-06-18,29,55277.13883213028,-11.169231721825724,0.004753010020716653,55293.5854674563,55962.685593521004,54774.06445214193,16092878.247885797,873778910334.0798,327326427728154.06,5920195836.815259,55089.36703607688,0.024001571913290373,1.0026029217074135,59200
2025-06-19,30,55265.84305321055,-11.252304487172466,0.004618210845609372,55282.3062553617,55951.12737527264,54762.90779377149,16087329.181295643,873130182191.1288,327260302153093.06,5920223196.390759,55077.50765535192,0.024014118770409303,1.0026048872352997,59500
2025-06-20,31,55254.47114132135,-11.325343002260439,0.0044977638611544135,55270.93314921338,55939.50314967522,54751.66507064972,16082421.199447038,872524057442.0043,327193724570747.44,5920250195.952902,55065.57101617765,0.024025598613902997,1.0026070925033772,58000
2025-06-23,32,55243.03250516959,-11.38921510246601,0.004390303635309678,55259.47688787233,55927.82163560833,54740.3464173602,16078106.460873764,871957513772.06,327126748627924.8,5920276820.837223,55053.565172804956,0.02403607846491785,1.0026095534414696,60500
2025-06-24,33,55231.535769554626,-11.444680686310534,0.004294654320617264,55247.94731749637,55916.090828993656,54728.96112396674,16074341.06673247,871427772690.3821,327059423537845.7,5920303057.911241,55041.497780059486,0.024045621182935243,1.0026122791430734,61300
2025-06-25,34,55219.9888688252,-11.492409484290476,0.004209796744500394,55236.35349754907,55904.3180886452,54717.51773658976,16071084.606437236,870932272077.1089,326991794609596.7,5920328895.444945,55029.37610201517,0.024054285770526995,1.0026152734428226,61300
2025-06-26,35,55208.399125284894,-11.532995558095195,0.004134841660728528,55224.70378979268,55892.51020827172,54706.02414181597,16068299.772997312,870468642878.7996,326923903692061.5,5920354322.99596,55017.20702305371,0.0240621276468281,1.002618536168348,60800
2025-06-27,36,55196.773315300576,-11.56696914533154,0.004069007996399643,55213.00593337417,55880.67347718459,54694.487637891485,16065952.03620891,870034689251.8828,326855789548012.0,5920379331.307087,55004.99706059222,0.02406919889422315,1.0026220641312147,59800
2025-06-30,37,55185.117725348005,-11.594806351677448,0.004011605144316921,55201.26710852685,55868.81373177384,54682.914995094616,16064009.363766784,869628371566.7075,326787488171075.7,5920403912.214368,54992.75237891746,0.024075548481983677,1.0026258519090496,60200
2025-07-01,38,55173.43819980622,-11.616937098333267,0.003962018528995748,55189.49399093322,55856.936399420636,54671.31250723306,16062441.982043037,869247791783.6389,326719033055885.06,5920428058.564154,54980.47880368923,0.024081222469962745,1.0026298924607744,60800
2025-07-02,39,55161.74018196893,-11.63375165552904,0.00391969782111945,55177.692798406235,55845.0465361947,54659.68603584207,16061222.169729903,868891180798.074,326650455429761.0,5920451764.137913,54968.18183677577,0.024086264194932896,1.002634177608635,63800
2025-07-03,40,55150.02874946356,-11.645606029999556,0.0038841472940874255,55165.86933123471,55833.14885942943,54648.041048363644,16060324.07875369,868556887422.6421,326581784452697.1,5920475023.583762,54955.86667116295,0.024090714441724635,1.0026386984140685,63300
2025-07-04,41,55138.308645043406,-11.652826422887529,0.003854917914032363,55154.0290072826,55821.247776059005,54636.38265134403,16059723.577882601,868243368734.8722,326513047391133.9,5920497832.353863,54943.53820574198,0.02409461160097206,1.0026434454690996,61700
2025-07-07,42,55126.5843035368,-11.655712933224606,0.0038316008326899076,55142.17689272861,55809.34740743546,54624.71561949304,16059398.115281299,867949181567.6249,326444269769974.8,5920520186.646955,54931.20105983054,0.024097991814983233,1.0026484091206445,61400
2025-07-08,43,55114.859875590446,-11.654542648233843,0.0038138220168184023,55130.31772916609,55797.45161120863,54613.04442129018,16059326.596948756,867672974960.0364,326375475506463.9,5920542083.3554535,54918.859587321116,0.024100889113017457,1.0026535796416416,60400
2025-07-09,44,55103.13924872519,-11.649572234711627,0.0038012377988507207,55118.45595764941,55785.564000743194,54601.373241695364,16059489.27853471,867413483419.7533,326306687028866.1,5920563520.016584,54906.517890381365,0.024103335537057246,1.002658947360136,61000
2025-07-10,45,55091.4260661271,-11.641040123635065,0.0037935311753665713,55106.595740165336,55773.68796245949,54589.706002419334,16059867.668481367,867169520874.0172,326237925382350.25,5920584494.767139,54894.179832655675,0.0241053612590039,1.0026645027552137,62600
2025-07-11,46,55079.72374351903,-11.629168362461826,0.0037904087133257547,55094.74097891987,55761.82667141357,54578.04638012497,16060444.4408096,866939975209.1412,326169210324031.8,5920605006.301494,54881.8490519355,0.024106994690094318,1.0026702365268845,62500
2025-07-14,47,55068.0354843954,-11.61416419534848,0.0037915979509944853,55082.89533376107,55749.98310537534,54566.39782286429,16061203.356165372,866723803315.5559,326100560408779.1,5920625053.832559,54869.52897228082,0.024108262583228308,1.0026761396455697,63700
2025-07-15,48,55056.364293852464,-11.596221419876628,0.003796845202464705,55071.06223800098,55738.160057616915,54554.76356500093,16062129.189986607,866520026570.0935,326031993067097.7,5920644637.055416,54857.22281558611,0.024109190128806163,1.0026822033857041,64700
2025-07-16,49,55044.71299120528,-11.57552155966789,0.0038059136920930436,55059.244912853304,55726.36014858615,54543.14664082407,16063207.666849628,866327726698.9753,325963524676176.3,5920663756.113389,54844.93361259253,0.0241098010446016,1.0026884193470298,66700
2025-07-17,50,55033.08422154956,-11.552234884802203,0.003818581959248779,55047.4463806668,55714.58583661003,54531.549897024306,16064425.400211161,866146041974.268,325895170624989.06,5920682411.56635,54832.66421335454,0.024110117660132734,1.0026947794664227,67100
2025-07-18,51,55021.4804663996,-11.52652130576368,0.0038346424854956984,55035.66947710276,55702.83942774802,54519.9760041726,16065769.836896555,865974163704.6505,325826945374196.4,5920700604.361086,54820.4172971735,0.024110160995941807,1.002701276022503,67800
2025-07-21,52,55009.904053511906,-11.498531162048693,0.003853900504955543,55023.916862381884,55691.123084895575,54508.42746732064,16067229.205786765,865811332987.2816,325758862511462.94,5920718335.803558,54808.19538201442,0.02410995083814993,1.002707901634803,66000
2025-07-22,53,54998.357165986105,-11.468405922327605,0.003876172966659319,55012.191031704104,55679.43883622181,54496.906635821135,16068792.470246702,865656837693.0701,325690934802711.1,5920735607.532921,54796.000833423954,0.024109505808616094,1.0027146492588932,66400
2025-07-23,54,54986.841850720535,-11.436278810143477,0.0039012876230753446,55000.49432492987,55667.7885830121,54485.415712451664,16070449.283905227,865510009661.5642,325623174239745.75,5920752421.497163,54783.83587296961,0.024108843430997437,1.002721512178563,66000
2025-07-24,55,54975.36002628802,-11.402275366454717,0.00392908222415117,54988.8289355975,55656.1741069758,54473.9567619125,16072189.94945691,865370222085.3345,325555592084619.56,5920768779.930268,54771.70258622055,0.024107980192980605,1.0027284839959147,65900
2025-07-25,56,54963.91349028771,-11.36651395828244,0.003959403799982386,54977.19691934005,55644.59707707004,54462.53171875878,16074005.380202122,865236887066.449,325488198911054.5,5920784685.330787,54759.602930291134,0.024106931604930226,1.0027355586200375,70400
2025-07-28,57,54952.503926220794,-11.329106241101528,0.003992108018305074,54965.60020175671,55633.05905588386,54451.14239481865,16075887.064081397,865109453330.0815,325421004643188.7,5920800140.441715,54747.53874096824,0.024105712255179955,1.002742730254778,70600
2025-07-29,58,54941.132909931854,-11.290157581229465,0.004027058605537315,54954.040585786235,55621.561505620746,54439.79048614243,16077827.029990587,864987404082.0012,325354018591881.75,5920815148.231617,54735.51173944294,0.024104335862173268,1.002749993386005,72600
2025-07-30,59,54929.80191565155,-11.249767443357541,0.004064126822294456,54942.51975862296,55610.105793712326,54428.47757952107,16079817.816194203,864870254998.7261,325287249488781.94,5920829711.876887,54723.523538667156,0.024102815323645777,1.002757342768665,71400
2025-07-31,60,54918.51232167242,-11.208029747593542,0.0041031909856209525,54931.03929821242,55598.69319809272,54417.205158608536,16081852.440671835,864757552340.0262,325220705518332.2,5920843834.7451,54711.575649354694,0.024101162763026027,1.0027647734138605,68900
2025-08-01,61,54907.265415685644,-11.165033199535713,0.004144136031825063,54919.60067935786,55587.32491215891,54405.97460967819,16083924.373253185,864648871174.7798,325154394347871.3,5920857520.379364,54699.66948564609,0.024099389573219502,1.0027722805761163,69700
2025-08-04,62,54896.0623998035,-11.120861596376102,0.004186853114771905,54908.20527946628,55576.00204944,54394.78722703943,16086027.509414384,864543813712.2728,325088323155970.06,5920870772.483632,54687.806370455226,0.024097506457929272,1.002779859740955,69900
2025-08-05,63,54884.9043952896,-11.075594111637429,0.004231239235191253,54896.85438395926,55564.72564799573,54383.644218139,16088156.145618603,864442007731.5364,325022498659125.0,5920883594.908902,54675.98754051551,0.024095523470656056,1.0027875066128686,68800
2025-08-06,64,54873.79244701679,-11.029305560593997,0.004277196897622293,54885.54919137135,55553.49667456246,54372.54670836801,16090304.956098055,864343105102.3428,324956927136922.94,5920895991.640255,54664.214151142165,0.024093450051511638,1.0027952171037449,70500
2025-08-07,65,54862.72752767074,-10.982066648275378,0.004324633791777943,54874.29081815695,55542.31602846357,54361.49574559453,16092468.97098159,864246780391.7476,324891614455775.7,5920907966.784679,54652.48728072662,0.024091295061970497,1.0028029873217814,71800
2025-08-08,66,54851.71054171561,-10.933944201558859,0.004373462496023828,54863.08030322402,55531.18454529887,54350.492304439,16094643.555682514,864152729550.843,324826566091317.94,5920919524.559647,54640.80793497812,0.024089066817677397,1.0028108135609142,71000
2025-08-11,67,54840.74232913664,-10.885001386802486,0.004423600200531452,54851.91861221214,55520.10300042729,54339.53729030887,16096824.391467607,864060668676.7283,324761787149551.3,5920930669.282372,54629.177050926744,0.024086773119420757,1.0028186922907598,71100
2025-08-12,68,54829.823668973484,-10.835297914096714,0.0044749684485025365,54840.80664153063,55509.07211225529,54328.63154320736,16099007.45713376,863970332845.0057,324697282386811.56,5920941405.359747,54617.59550070159,0.024084421282375458,1.0028266201470772,71900
2025-08-13,69,54818.95528265687,-10.78489022923523,0.004527492893799223,54829.74522217096,55498.092545342675,54317.775841329625,16101189.011727119,863881475008.6907,324633056228630.5,5920951737.278877,54606.064095096735,0.024082018163712537,1.0028345939227357,71600
2025-08-14,70,54808.137837160306,-10.733831694329695,0.004581103073485748,54818.73512330737,55487.1649133368,54306.97090445945,16103365.578240745,863793864959.4922,324569112787557.44,5920961669.598215,54594.583586937246,0.024079570188667222,1.002842610559177,70000
2025-08-18,71,54797.37194797776,-10.682172757832888,0.004635732194282427,54807.77705569785,55476.28978174504,54296.217397177854,16105533.92823372,863707288347.7969,324505455880001.2,5920971206.939234,54583.15467425656,0.02407708337515176,1.0028506671383566,70000
2025-08-19,72,54786.65818193723,-10.629961114746294,0.004691316931699774,54796.87167489702,55465.467670554994,54285.515931894624,16107691.06731851,863621545758.0359,324442089042149.9,5920980353.978625,54571.77800329609,0.024074563356994316,1.0028587608751405,70500
2025-08-20,73,54775.997059859816,-10.577241857650392,0.00474779724101293,54786.01958429204,55454.699056711004,54274.867071713015,16109834.221466152,863536451836.137,324379015545020.56,5920989115.440979,54560.454171337136,0.02407201540588052,1.0028668891101415,70600
2025-08-21,74,54765.38905907305,-10.524057619157645,0.004805116179202373,54775.221337971496,55443.98437645548,54264.271333137105,16111960.82408126,863451834466.0931,324316238408688.4,5920997496.091927,54549.183729374854,0.024069444452070078,1.0028750493029719,70600
2025-08-22,75,54754.834615786574,-10.470448706318649,0.004863219737151647,54764.477443436546,55433.32402754213,54253.72918863052,16114068.50380527,863367533992.948,324253760415741.7,5921005500.731719,54537.9671846431,0.0240668551039567,1.0028832390258886,71500
2025-08-25,76,54744.334127338116,-10.41645322751637,0.004922056681328724,54753.78836416352,55422.71837132877,54243.241069035226,16116155.073004654,863283402489.443,324191584124006.3,5921013134.189206,54526.80500299883,0.02406425166653542,1.002891455957814,70300
2025-08-26,77,54733.88795431694,-10.362107212242933,0.0049815784044798805,54743.15452202628,55412.16773475625,54232.807365858054,16118218.51690566,863199303063.9,324129711878579.75,5921020401.31621,54515.69761117404,0.024061638158838387,1.0028996978787073,70600
2025-08-27,78,54723.49642257154,-10.3074447242399,0.005041738784665406,54732.57629958578,55401.67241221974,54222.42843343216,16120256.983340824,863115109207.0847,324068145823213.6,5921027306.982253,54504.64539890273,0.024059018330396274,1.00290796266427,69600
2025-08-28,79,54713.15982510806,-10.252497968382073,0.0051024940521223194,54722.05404225484,55391.232667338496,54212.10459096069,16122268.773070842,863030704175.7849,324006887911080.4,5921033856.0696335,54493.64872093012,0.02405639567677947,1.0029162482809615,69700
2025-08-29,80,54702.87842388545,-10.19729739161923,0.005163802663599004,54711.58806034442,55380.84873462956,54201.83612444898,16124252.33065111,862945980411.0806,323945939914958.44,5921040053.46882,54482.707898910696,0.024053773454270226,1.0029245527813089,67600
2025-09-01,81,54692.652451513175,-10.141871778384456,0.005225625183550242,54701.1786309985,55370.52082109088,54191.62328853149,16126206.235811774,862860838989.3553,323885303436867.6,5921045904.074148,54471.82322320154,0.024051154693713894,1.0029328742994945,69100
2025-09-02,82,54682.48211285666,-10.086248340744618,0.005287924171934855,54690.82600002336,55360.2491076987,54181.46630819933,16128129.195322938,862775189104.2516,323824979917185.0,5921051412.779812,54460.99495455678,0.024048542213595026,1.0029412110472002,69800
2025-09-03,83,54672.36758655568,-10.030452803576509,0.005350664078185519,54680.53038361715,55350.03375082386,54171.365380433665,16130020.035318471,862688947577.8354,323764970643270.0,5921056584.476112,54450.223325728795,0.024045938632381282,1.002949561309696,70100
2025-09-04,84,54662.309026460476,-9.974509485117608,0.005413811140910718,54670.29197000549,55339.87488357173,54161.320675750554,16131877.694051567,862602038399.2874,323705276757625.0,5921061424.04597,54439.50854298149,0.02404334638017574,1.0029579234421564,69500
2025-09-05,85,54652.30656299003,-9.918441373041048,0.0054773332931974394,54660.11092098779,55329.77261704959,54151.33233966163,16133701.215059709,862514392289.697,323645899265617.8,5921065936.361672,54428.85078752058,0.02404076770971622,1.0029662958661907,70100
2025-09-08,86,54642.36030441689,-9.862270196410009,0.005541200073000796,54649.98737339979,55319.72704156583,54141.400494055604,16135489.740715183,862425946291.4108,323586839042789.06,5921070126.281846,54418.25021684554,0.024038204706757684,1.0029746770665735,71500
2025-09-09,87,54632.47033808245,-9.8060164936673,0.0056053825384581035,54639.9214404964,55309.73822776435,54131.5252385048,16137242.506139956,862336643380.602,323528096841767.6,5921073998.648646,54407.70696602771,0.024035659299872118,1.0029830655881642,72600
2025-09-10,88,54622.636731546525,-9.749699676907653,0.005669853187833418,54629.9132132595,55299.806227697896,54121.70665150072,16138958.833465185,862246432101.8264,323469673298815.6,5921077558.28514,54397.22114891866,0.0240331332696983,1.0029914600330017,73400
2025-09-11,89,54612.85953367497,-9.69333809264603,0.005734585883762355,54619.96276163482,55289.931075843706,54111.94479162281,16140638.126415163,862155266223.2109,323411568940022.9,5921080809.992883,54386.792859292735,0.024030628257671813,1.0029998590575664,75400
2025-09-12,90,54603.13877566843,-9.636949079257505,0.005799555781669685,54610.07013570162,55280.112790064406,54102.239698643774,16142279.865199108,862063104411.2875,323353784187170.0,5921083758.549669,54376.422171927494,0.024028145774264473,1.003008261370195,76500
2025-09-15,91,54593.474472035756,-9.580549021260055,0.005864739262066099,54600.235366779016,55270.35137251741,54092.59139457518,16143883.601692315,861969909924.2388,323296319363278.7,5921086408.707456,54366.10914362557,0.02402568720676023,1.003016665728643,79400
2025-09-16,92,54583.866621514906,-9.524153400663437,0.005930113866506492,54590.45846847233,55260.64681051545,54082.999884656405,16145448.954891577,861875650322.6447,323239174697865.44,5921088765.190434,54355.853814181064,0.02402325382659347,1.003025070937783,78200
2025-09-17,93,54574.31520794432,-9.467776845478483,0.005995658237044343,54580.73943766286,55250.99907734094,54073.465158290186,16146975.606629223,861780297196.6674,323182350331915.7,5921090832.693258,54345.65620729385,0.02402084679627394,1.003033475847432,80500
2025-09-18,94,54564.82020108738,-9.411433175605055,0.006061352058925995,54571.07825544408,55241.40813301686,54063.98718992767,16148463.297531046,861683825908.7991,323125846322592.9,5921092615.879405,54335.5163314344,0.02401846717592138,1.0030418793502975,79700
2025-09-19,95,54555.381557412635,-9.355135446187433,0.006127176006470725,54561.474888007164,55231.8739250362,54054.56593990562,16149911.823205467,861586215351.3308,323069662647697.56,5921094119.379676,54325.43418066216,0.024016115929431592,1.0030502803800392,83500
2025-09-22,96,54545.99922083205,-9.298895988618824,0.006193111691808473,54551.9292874787,55222.39638905252,54045.20135523846,16151321.030650519,861487447717.698,323013799209889.75,5921095347.79081,54315.4097353998,0.024013793930294375,1.0030586779094344,84700
2025-09-23,97,54536.67312339977,-9.24272644930656,0.006259141616410613,54542.44139271333,55212.97544953375,54035.89337036782,16152690.814865898,861387508286.8657,322958255840687.6,5921096305.674221,54305.44296316607,0.02401150196708271,1.0030670709486453,85400
2025-09-24,98,54527.40318597347,-9.186637826314069,0.006325249125272214,54533.01113004345,55203.61102038095,54026.641907871555,16154021.115659889,861286385220.1508,322903032304254.25,5921096997.554844,54295.533819269316,0.02400924074863168,1.00307545854358,86100
2025-09-25,99,54518.18931884011,-9.130640503992225,0.006391418363572876,54523.638413988534,55194.30300551419,54017.4468791346,16155311.914640166,861184069369.7449,322848128300984.94,5921097427.920076,54285.68224746403,0.024007010908924223,1.003083839774339,83300
2025-09-26,100,54509.03142230859,-9.074744285754775,0.00645763423560064,54514.32314792654,55185.05129942742,54008.308184984046,16156563.232376345,861080554098.1572,322793543470904.7,5921097601.218828,54275.88818057232,0.024004813011700044,1.00309221375375,84200
2025-09-29,101,54499.92938727041,-9.018958425030007,0.006523882366016032,54505.06522472869,55175.855787713575,53999.22571628974,16157775.125727959,860975835108.221,322739277396887.3,5921097521.86065,54266.15154107239,0.024002647554803337,1.0031005796259744,83900
2025-09-30,102,54490.88309573072,-8.963291654542616,0.006590149063112782,54495.86452736079,55166.716347562186,53990.19935453303,16158947.685325347,860869910282.8041,322685329607705.2,5921097194.214956,54256.47224165572,0.02400051497428362,1.003108936565193,86000
2025-10-01,103,54481.892421310986,-8.907752213994286,0.006656421284097491,54486.7209294517,55157.63284823038,53981.22897234489,16160081.033197042,860762779533.8693,322631699580919.1,5921096622.610323,54246.850185754825,0.023998415648263566,1.0031172837743567,89000
2025-10-02,104,54472.95722972488,-8.85234787623196,0.006722686602252725,54477.63429583171,55148.60515148915,53972.31443401522,16161175.320534933,860654444660.2983,322578386745616.75,5921095811.333862,54237.28526804305,0.023996349900586886,1.0031256204840047,94400
2025-10-10,105,54464.07737922903,-8.79708597199945,0.006788933175832845,54468.604483041876,55139.63311204599,53963.45559597501,16162230.72558899,860544909213.9603,322525390485008.3,5921094764.630669,54227.777374908066,0.023994318004258428,1.003133945951143,93300
2025-10-13,106,54455.25272104977,-8.741973413341753,0.006855149718643483,54459.631339816275,55130.71657794529,53954.65230725279,16163247.451684926,860434178373.6013,322472710138886.6,5921093486.703329,54218.32638490046,0.023992320184688117,1.0031422594581816,91600
2025-10-14,107,54446.48309978738,-8.687016715710513,0.006921325472242501,54450.71470753833,55121.85539094772,53945.90440990666,16164225.725357655,860322258826.128,322420345005959.4,5921091981.711498,54208.932169158776,0.023990356622749804,1.0031505603119244,95000
2025-10-15,108,54437.76835379889,-8.63222201890315,0.0069874501795769706,54441.85442067288,55113.0493868896,53937.21173943337,16165165.79459418,860209158654.8291,322368294346060.6,5921090253.771529,54199.59459181239,0.02398842745766516,1.0031588478426123,97700
2025-10-16,109,54429.10831556078,-8.577595106844768,0.0070535140600448964,54433.05030717528,55104.2983960236,53928.57412515572,16166067.927179493,860094887234.1624,322316557382247.1,5921088306.956161,54190.31351036327,0.023986532789722532,1.0031671214030133,97900
2025-10-17,110,54420.50281201247,-8.523141426276453,0.007119507785963208,54424.30218887859,55095.60224334143,53919.99139058924,16166932.409140214,859979455130.7684,322265133302787.25,5921086145.294255,54181.088776047916,0.023984672682840023,1.0031753803675587,98100
2025-10-20,111,54411.95166488185,-8.468866104471601,0.007185422460178947,54415.60988186029,55086.960748879916,53911.463353789615,16167759.54327984,859862874010.317,322214021263047.0,5921083772.770584,54171.920234180565,0.023982847166981288,1.0031836241315228,97500
2025-10-21,112,54403.45469099374,-8.414773965956726,0.007251249594954268,54406.973196789644,55078.37372801096,53902.98982768167,16168549.647800751,859745156549.8467,322163220387279.1,5921081193.325661,54162.80772447856,0.023981056240432553,1.003191852110243,98600
2025-10-22,113,54395.01170256206,-8.360869548336439,0.0073169810919634926,54398.39193925631,55069.840991716505,53894.570620370825,16169303.055008754,859626316355.4006,322112729770320.8,5921078410.85561,54153.75108137095,0.023979299871948433,1.0032000637383764,96500
2025-10-23,114,54386.62250746686,-8.307157117256025,0.007382609223360093,54389.865910082,55061.3623468493,53886.205535438385,16170020.110094223,859506367884.4951,322062548479204.44,5921075429.212084,54144.75013429126,0.023977578002773933,1.0032082584691961,98800
2025-10-24,115,54378.286909516886,-8.253640680561489,0.007448126613832318,54381.394905615336,55052.93759638007,53877.89437222104,16170701.169986608,859385326373.2809,322012675554686.5,5921072252.2022085,54135.80470795519,0.023975890548549667,1.0032164357739182,102000
2025-10-27,116,54370.00470869841,-8.20032400169194,0.007513526223617728,54372.978718011414,55044.56653963204,53869.636926075866,16171346.602277651,859263207768.0669,321963110012698.75,5921068883.58857,54126.91462262419,0.02397423740110665,1.003224595141063,99500
2025-10-28,117,54361.7757014112,-8.147210612335783,0.007578801332441987,54364.61713549641,55036.24897250332,53861.43298863121,16171956.784209624,859140028660.9785,321913850845726.1,5921065327.089227,54118.079694355474,0.023972618430157036,1.0032327360758462,100500
2025-10-29,118,54353.599680692234,-8.09430382443557,0.007643945524252849,54356.30994261854,55027.984687677934,53853.282348024724,16172532.101724831,859015806229.521,321864897024114.7,5921061586.377758,54109.299735239525,0.023971033484886474,1.0032408580995984,104100
2025-10-30,119,54345.47643642787,-8.041606741483207,0.007708952672860481,54348.05692048567,55019.77347482599,53845.18478912864,16173072.948572963,858890558179.8134,321816247497314.44,5921057665.083338,54100.57455362539,0.023969482395453774,1.003248960749213,107500
2025-10-31,120,54337.40575555502,-7.989122269290476,0.007773816928203614,54339.85784699051,55011.61512079366,53837.14009376351,16173579.72547312,858764302693.3091,321767901195059.4,5921053566.790832,54091.90395433474,0.023967964974402883,1.003257043576618,111100
2025-11-03,121,54329.38742225206,-7.936853126104637,0.007838532703439649,54331.712497024186,55003.5094097835,53829.14804090076,16174052.839327076,858637058376.7728,321719857028488.9,5921049295.040922,54083.28773886512,0.023966481017992255,1.0032651061482738,104900
2025-11-04,122,54321.42121811986,-7.884801852226843,0.007903094662672028,54323.62064267846,54995.45612352563,53821.20840685473,16174492.702481285,858508844215.3477,321672113891213.0,5921044853.330257,54074.72570558303,0.023965030307446147,1.003273148044693,100600
2025-11-05,123,54313.506922353554,-7.83297081908276,0.007967497709359117,54315.58205343758,54987.45504144013,53813.3209654646,16174899.732035106,858379679528.5713,321624670660325.44,5921040245.111615,54066.21764990737,0.02396361261013238,1.003281168859982,99200
2025-11-06,124,54305.64431190559,-7.78136223784125,0.008031736975237624,54307.5964963601,54979.50594079141,53805.48548826724,16175274.349191356,858249583929.0867,321577526197366.06,5921035473.794091,54057.76336448378,0.023962227680670453,1.0032891682014042,97900
2025-11-07,125,54297.833161640454,-7.72997816753508,0.008095807809931188,54299.66373625134,54971.608596834725,53797.7017446608,16175616.978648303,858118577283.978,321530679349236.5,5921030542.743305,54049.36263935032,0.023960875261974168,1.0032971456889608,100600
2025-11-10,126,54290.0732444815,-7.678820522774998,0.00815970577103381,54291.783535826864,54963.76278295534,53789.969502060085,16175928.048029823,857986679678.544,321484128949070.44,5921025455.281621,54041.015262095054,0.0239595550862323,1.0033051009549918,103500
2025-11-11,127,54282.364331550416,-7.627891081038172,0.008223426614723806,54283.955655867496,54955.96827080075,53782.288526043834,16176207.987352025,857853911382.3715,321437873817061.9,5921020214.688385,54032.72101800581,0.02395826687583086,1.0033130336437939,103100
2025-11-12,128,54274.70619229954,-7.577191489576364,0.008286966286861042,54276.179855366434,54948.22483040632,53774.6585804945,16176457.228523955,857720292817.6013,321391912761252.94,5921014824.200175,54024.479690212655,0.023957010344220264,1.0033209434112538,102800
2025-11-13,129,54267.09859463767,-7.526723271941705,0.008350320914563059,54268.455891668826,54940.5322303147,53767.07942773092,16176676.204880245,857585844529.1985,321346244578283.56,5921009287.011069,54016.29105982346,0.02395578519673041,1.003328829924499,97200
2025-11-14,130,54259.54130504937,-7.476487834174549,0.00841348679820092,54260.78352060399,54932.89023768926,53759.55082863407,16176865.350744937,857450587157.2292,321300868054105.3,5921003606.272918,54008.15490605286,0.02395459113133681,1.003336692861562,100600
2025-11-17,131,54252.03408870848,-7.426486470681141,0.008476460403778197,54253.162496611185,54925.298618422035,53752.07254276663,16177025.1010231,857314541410.8853,321255781964660.94,5920997785.095635,54000.071006345024,0.023953427839380266,1.0033445319110592,97800
2025-11-18,132,54244.576709585854,-7.3767203697594255,0.008539238355739887,54245.592572858695,54917.757137236316,53744.64432848633,16177155.890819872,857177728044.2461,321210985076531.3,5920991826.547498,53992.039136490486,0.0239522950062429,1.0033523467718835,96500
2025-11-19,133,54237.168930551765,-7.32719061888028,0.008601817430127334,54238.073501356994,54910.265557784136,53737.26594305354,16177258.155085169,857040167833.704,321166476147551.94,5920985733.655447,53984.05907073742,0.023951192311983036,1.003360137152908,100600
2025-11-20,134,54229.81051347326,-7.277898209651767,0.00866419454808004,54230.60503306618,54902.823642739204,53729.93714273362,16177332.328281809,856901881556.8391,321122253927400.06,5920979509.40541,53976.13058189764,0.023950119431931035,1.0033679027727034,94800
2025-11-21,135,54222.50121930671,-7.2288440425301985,0.00872636676968791,54223.18691799783,54895.43115388511,53722.65768289386,16177378.844076786,856762889972.7913,321078317158154.6,5920973156.74262,53968.253441447545,0.023949076037248627,1.0033756433592662,96700
2025-11-24,136,54215.24080818572,-7.1800289313158885,0.008788331288105966,54215.8189053119,54888.08785219939,53715.42731809576,16177398.135053603,856623213803.9575,321034664574829.56,5920966678.571953,53960.42741962433,0.023948061795453477,1.0033833586497571,99300
2025-11-25,137,54208.02903950485,-7.131453607364648,0.008850085424014276,54208.50074340857,54880.79349793348,53708.245802182544,16177390.632444816,856482873718.9844,320991294905882.5,5920960077.758255,53952.65228551767,0.023947076370911202,1.00339104839025,102800
2025-11-26,138,54200.86567199912,-7.083118723608237,0.008911626620339785,54201.232180015606,54873.54785068888,53701.112888362426,16177356.765883535,856341890316.9341,320948206873700.1,5920953357.126694,53944.9278071572,0.023946119425296553,1.0033987123354906,103500
2025-11-27,139,54193.75046381975,-7.035024858361908,0.008972952437214576,54194.01296227131,54866.35066948963,53694.02832928763,16177296.963172315,856200284112.6008,320905399195060.9,5920946519.463101,53937.253751595796,0.023945190618025594,1.0034063502486659,100500
2025-11-28,140,54186.683172606165,-6.987172518939531,0.00903406054719863,54186.84283680328,54859.20171285135,53686.991877129556,16177211.650069237,856058075522.8845,320862870581576.6,5920939567.514331,53929.629884989175,0.023944289606660438,1.003413961901179,100800
2025-12-01,141,54179.66355555444,-6.939562145059568,0.009094948730774988,54179.721549803195,54852.100738846966,53680.00328365015,16177101.250090187,855915284854.2024,320820619740114.4,5920932503.988608,53922.05597267173,0.023943416047288228,1.003421547072435,103400
2025-12-02,142,54172.691369482665,-6.892194112094671,0.009155614872002171,54172.64884709818,54845.04750516948,53673.06230026985,16176966.184324738,855771932290.7689,320778645373198.56,5920925331.555896,53914.53177922897,0.02394256959487569,1.0034291055496345,104500
2025-12-03,143,54165.766370892925,-6.845068734152903,0.009216056954418628,54165.62447421817,54838.04176919155,53666.168678132104,16176806.871267436,855628037883.846,320736946179395.56,5920918052.848252,53907.05706856663,0.023941749903600797,1.0034366371275736,105100
2025-12-04,144,54158.888316030454,-6.798186266988523,0.009276273057148343,54158.64817646037,54831.083288022455,53659.32216816473,16176623.726661678,855483621541.7897,320695520853681.0,5920910670.460202,53899.63160397667,0.023940956627162734,1.0034441416084514,108400
2025-12-05,145,54152.056960939924,-6.7515469107782735,0.009336261351153119,54151.71969895024,54824.17181856239,53652.522521138344,16176417.163355619,855338703020.8843,320654368087790.3,5920903186.9491,53892.25514820034,0.023940189419071455,1.0034516188016849,109500
2025-12-08,146,54145.272061519085,-6.705150812729727,0.009396020095751134,54144.83878669969,54817.30711755414,53645.769487721824,16176187.591170438,855193301916.9287,320613486570554.44,5920895604.8355,53884.92746348842,0.02393944793291806,1.00345906852373,108400
2025-12-09,147,54138.533373569866,-6.6589980696063265,0.009455547635169093,54138.005184662296,54810.48894163248,53639.06281853522,16175935.416779129,855047437657.4987,320572874988220.1,5920887926.60353,53877.64831165876,0.02393873182262693,1.0034664905979085,108000
2025-12-10,148,54131.84065284699,-6.613088730061492,0.009514842395411394,54131.21863778579,54803.71704737118,53632.40226419989,16175661.04359608,854901129494.9214,320532532024756.94,5920880154.7012615,53870.41745415134,0.023938040742690923,1.0034738848542413,107300
2025-12-11,149,54125.193655104435,-6.567422796915849,0.009573902881125584,54124.47889106217,54796.99119132801,53625.78757538648,16175364.871675694,854754396499.771,320492456362150.1,5920872291.541083,53863.23465208085,0.02393737434839028,1.0034812511292865,108900
2025-12-12,150,54118.59213613959,-6.522000229259419,0.009632727672765073,54117.78568957517,54790.31113008747,53619.21850286029,16175047.297620917,854607257555.0483,320452646680681.6,5920864339.500074,53856.09966628701,0.023936732295996556,1.003488589265984,104800
2025-12-15,151,54112.03585183544,-6.476820944508688,0.009691315423737079,54111.1387785455,54783.67662030187,53612.69479752473,16174708.714499723,854459731350.8245,320413101659198.56,5920856300.920378,53849.012257382754,0.02393611424296205,1.003495899113504,102800
2025-12-16,152,54105.52455820076,-6.43188482031394,0.0097496648578006,54104.53790337399,54777.087418730225,53606.21621046254,16174349.511770053,854311836379.4269,320373819975370.44,5920848178.109574,53841.97218580025,0.023935519848095936,1.0035031805271013,107900
2025-12-17,153,54099.05801140848,-6.387191696395831,0.0098077747665129,54097.98280968251,54770.54328227571,53599.78249297502,16173970.075211987,854163590931.1199,320334800305935.4,5920839973.341056,53834.97921183504,0.023934948771727606,1.003510433367974,107600
2025-12-18,154,54092.63596783216,-6.342741376282248,0.009865644006826768,54091.47324335294,54764.04396802113,53593.393396619496,16173570.786867682,854015013090.2146,320296041326936.1,5920831688.854398,53828.03309568822,0.023934400675858104,1.0035176575031257,106300
2025-12-19,155,54086.25818408098,-6.298533628960058,0.00992327149878608,54085.00895056444,54757.5892332631,53587.04867324492,16173152.024987143,853866120731.6014,320257541713946.06,5920823326.855731,53821.13359750691,0.02393387522430029,1.0035248528052332,110500
2025-12-22,156,54079.92441703298,-6.254568190453313,0.009980656223317008,54078.589677828655,54751.17883554446,53580.74807502581,16172714.163980864,853716931517.7018,320219300142285.9,5920814889.518115,53814.28047742297,0.023933372082808428,1.0035320191525174,111500
2025-12-23,157,54073.63442386675,-6.210844765304728,0.010037797220143307,54072.21517202344,54744.81253268539,53574.49135449452,16172257.574378558,853567462895.7864,320181315287231.44,5920806378.981905,53807.473495590166,0.023932890919197772,1.0035391564286185,111100
2025-12-24,158,54067.38796209195,-6.167363028026216,0.010094693585725734,54065.88518042501,54738.49008281315,53568.27826457222,16171782.622792002,853417732095.5795,320143585824212.75,5920797797.3551235,53800.71241221966,0.023932431403454742,1.003546264522475,117000
2025-12-26,159,54061.18478957804,-6.124122624415662,0.010151344471415746,54059.599450738264,54732.21124439039,53562.10855859795,16171289.671885526,853267756127.329,320106110429005.1,5920789146.713825,53793.99698761421,0.023931993207838377,1.0035533433282056,119500
2025-12-29,160,54055.024664582015,-6.081123172880723,0.010207749081549089,54053.35773112606,54725.97577624236,53555.981990356864,16170779.080348957,853117551780.0515,320068887777912.56,5920780429.102466,53787.32698220083,0.023931576006973345,1.0035603927449939,119900
2025-12-30,161,54048.9073457748,-6.038364265636318,0.010263906671734324,54047.15977023682,54719.78343758288,53549.89831410672,16170251.202876424,852967135620.1294,320031916547943.7,5920771646.534263,53780.70215656217,0.023931179477935178,1.0035674126769787,128500
2026-01-02,162,54042.832592266444,-5.995845469887257,0.010319816547143923,54041.005317230956,54713.63398803916,53543.857284603364,16169706.39014895,852816523990.1448,319995195416980.56,5920762800.99156,53774.12227146664,0.02393080330032815,1.0035744030331455,138100
2026-01-05,163,54036.80016363018,-5.953566328945612,0.010375478060901777,54034.89412180597,54707.52718767557,53537.85865712488,16169144.988821393,852665733008.0122,319958723063940.94,5920753894.4261875,53767.58708789726,0.023930447156356272,1.0035813637272208,138900
2026-01-06,164,54030.80981992543,-5.911526363279194,0.010430890612550203,54028.82593422045,54701.46279701636,53531.902187494736,16168567.34151278,852514778566.3035,319922498168933.94,5920744928.759821,53761.09636707944,0.023930110730887723,1.0035882946775703,141000
2026-01-07,165,54024.86132171974,-5.869725071531519,0.010486053646568738,54022.8005053168,54695.44057706738,53525.98763210371,16167973.786800582,852363676331.823,319886519413409.75,5920735905.884335,53754.64987050755,0.023929793711513207,1.0035951958070983,138800
2026-01-08,166,54018.95443010985,-5.828161931477894,0.010540966650935901,54016.81758654318,54689.46028933699,53520.11474793099,16167364.65921726,852212441745.3424,319850785480303.5,5920726827.662158,53748.24735997055,0.023929495788598543,1.0036020670431525,139000
2026-01-09,167,54013.08890674173,-5.786836400948914,0.010595629155788044,54010.87692997402,54683.52169585593,53514.28329256408,16166740.289250975,852061090021.5787,319815295054173.2,5920717695.926628,53741.888597576486,0.023929216655331847,1.003608908317428,138800
2026-01-12,168,54007.26451382966,-5.745747918711345,0.010650040732109622,54004.97828832983,54677.62455919636,53508.49302421788,16166101.003349006,851909636149.3649,319780046821332.7,5920708512.482335,53735.57334577613,0.023928956007765716,1.0036157195658753,137600
2026-01-13,169,54001.48101417467,-5.704895905291096,0.01070420099047159,53999.12141499611,54671.76864249019,53502.74370175293,16165447.123922804,851758094891.8899,319745039469979.5,5920699279.105473,53729.30136738563,0.02392871354485454,1.0036225007286115,140300
2026-01-14,170,53995.73817118202,-5.664279763789125,0.010758109579816821,53993.306064041135,54665.95370944652,53497.035084692696,16164778.969356643,851606480787.2031,319710271690317.44,5920689997.54418,53723.07242560833,0.023928488968487444,1.0036292517498322,143900
2026-01-15,171,53990.03574887788,-5.623898880637768,0.010811766186319904,53987.53199023312,54660.1795243684,53491.36693324012,16164096.854018174,851454808148.8196,319675742174674.94,5920680669.518884,53716.88628405566,0.023928281983516965,1.0036359725777253,148900
2026-01-16,172,53984.37351192543,-5.583752626318642,0.01086517053227909,53981.798949056516,54654.44585216888,53485.739008293385,16163401.088270897,851303091066.4365,319641449617618.7,5920671296.722639,53710.74270676736,0.023928092297783865,1.003642663164389,149300
2026-01-19,173,53978.75122564005,-5.543840356080864,0.010918322375002343,53976.10669672745,54648.75245838628,53480.15107146093,16162691.978489023,851151343406.8243,319607392716062.94,5920661880.821462,53704.641458230784,0.023927919622138184,1.0036493234657493,145200
2026-01-20,174,53973.16865600403,-5.504161410585709,0.010971221505834516,53970.454990208586,54643.09910919904,53474.602885075845,16161969.827073839,850999578814.7903,319573570169374.8,5920652423.454665,53698.58230339956,0.023927763670456865,1.0036559534414808,149500
2026-01-21,175,53967.62556968051,-5.464715116548064,0.011023867749138827,53964.84358722309,54637.485571439654,53469.094212209384,16161234.93247202,850847810714.2832,319539980679475.75,5920642926.235189,53692.56500771151,0.023927624159658212,1.0036625530549295,149500
2026-01-22,176,53962.12173402681,-5.425500787363347,0.011076260961314977,53959.272246268185,54631.91161260825,53463.624816684176,16160487.589195454,850696052309.5717,319506622950938.9,5920633390.74993,53686.58933710589,0.023927500809713165,1.0036691222730363,152100
2026-01-23,177,53956.65691710727,-5.3865177236620525,0.011128401029929902,53953.74072662777,54626.37700088545,53458.194463086445,16159728.087842554,850544316586.5328,319473495691083.0,5920623818.560062,53680.65505803996,0.023927393343653888,1.0036756610662627,152100
2026-01-26,178,53951.23088770538,-5.347765213884628,0.011180287872797845,53948.248788384706,54620.881505144804,53452.80291677797,16158956.715120919,850392616314.0247,319440597610063.25,5920614211.201364,53674.761937505,0.023927301487579582,1.0036821694085192,159500
2026-01-27,179,53945.843415335505,-5.309242534819731,0.011231921437118153,53942.79619243233,54615.42489496459,53447.449943907304,16158173.753870968,850240964045.3043,319407927420957.9,5920604570.184534,53668.909743041615,0.0239272249706599,1.003688647277093,162400
2026-01-28,180,53940.49427025399,-5.2709489520968305,0.011283301698683912,53937.38270048547,54610.006940639134,53442.13531142046,16157379.483091556,850089372119.5891,319375483839852.44,5920594896.99551,53663.09824275456,0.023927163525136002,1.0036950946525796,160700
2026-01-29,181,53935.18322346987,-5.2328837207013805,0.011334428661031015,53932.008075090984,54604.62741318977,53436.858787071265,16156574.177965425,849937852663.593,319343265585920.44,5920585193.09578,53657.32720532699,0.02392711688631939,1.0037015115188144,160500
2026-01-30,182,53929.91004675496,-5.195046085415214,0.011385302354742777,53926.67207963769,54599.286084375155,53431.620139430925,16155758.109886883,849786417593.212,319311271381501.4,5920575459.922694,53651.59640003414,0.023927084792588885,1.0037078978628062,150400
2026-02-02,183,53924.674512653684,-5.157435281297921,0.011435922836631085,53921.37447836592,54593.982726701266,53426.419137897436,16154931.546489313,849635078615.1877,319279499952175.7,5920565698.889772,53645.90559675652,0.0239270669853855,1.0037142536746728,167500
2026-02-03,184,53919.476394492274,-5.12005053410212,0.011486290189057113,53916.11503637647,54588.7171134309,53421.2555527043,16154094.751674395,849483847228.8945,319247950026837.0,5920555911.387009,53640.25456599265,0.023927063209205738,1.0037205789475758,169100
2026-02-04,185,53914.31546638767,-5.082891060690855,0.011536404519230492,53910.89351963921,54583.48901859286,53416.12915492897,16153247.985641357,849332734728.1128,319216620337761.8,5920546098.781173,53634.643078871246,0.023927073211593125,1.0037268736776592,159300
2026-02-05,186,53909.19150325596,-5.045956069435448,0.011586265958539066,53905.70969500124,54578.2982169906,53411.039716500774,16152391.504917393,849181752202.8792,319185509620676.7,5920536262.416109,53629.07090716304,0.023927096743128297,1.003733137863988,158600
2026-02-06,187,53904.10428082051,-5.009244760608112,0.011635874661875656,53900.563330194665,54573.144484210665,53405.98701020856,16151525.562388197,849030910541.3462,319154616614822.8,5920526403.61303,53623.53782329211,0.023927133557417622,1.0037393715084875,166400
2026-02-09,188,53899.05357561962,-4.972756326730945,0.011685230807045699,53895.45419384387,54568.027596630614,53400.970809707884,16150650.40732954,848880220431.695,319123940063018.44,5920516523.6708145,53618.04360034676,0.02392718341108053,1.0037455746158859,165800
2026-02-10,189,53894.03916501388,-4.936489952950126,0.011734334594126095,53890.38205547256,54562.947331426694,53395.99088952779,16149766.285439102,848729692364.1042,319093478711718.75,5920506623.866289,53612.588012090106,0.02392724606373566,1.0037517471936555,167800
2026-02-11,190,53889.06082719321,-4.900444817360267,0.011783186244882338,53885.346685510296,54557.90346658113,53391.047025077365,16148873.438868662,848579336632.6697,319063231311074.0,5920496705.454524,53607.17083297013,0.02392732127798578,1.0037578892519563,178600
2026-02-12,191,53884.11834118348,-4.864620091347604,0.011831786002188094,53880.347855298794,54552.89578088909,53386.138992651846,16147972.106256988,848429163337.4373,319033196614985.1,5920486769.66911,53601.79183812944,0.02392740881940176,1.0037640008035809,181200
2026-02-13,192,53879.21148685293,-4.829014939891039,0.011880134129475362,53875.38533709792,54547.9240539654,53381.26656943856,16147062.522762507,848279182386.3782,319003373381157.25,5920476817.722444,53596.450803414664,0.023927508456505483,1.0037700818638997,190000
2026-02-19,193,53874.34004491818,-4.793628521857443,0.011928230910218662,53870.458904091116,54542.98806625082,53376.429533522256,16146144.920097072,848129403497.4504,318973760371151.8,5920466850.806001,53591.147505385474,0.023927619960752003,1.003776132450808,190100
2026-02-20,194,53869.50379695,-4.758459990327793,0.011976076647350564,53865.5683303909,54538.087599018225,53371.627663890526,16145219.526558999,847979836200.6094,318944356350436.1,5920456870.090616,53585.88172132326,0.02392774310651073,1.0037821525846737,193000
2026-02-23,195,53864.702525378794,-4.723508492847657,0.012023671662794055,53860.71339104374,54533.2224343783,53366.86074043864,16144286.567067228,847830489839.8885,318915160088431.56,5920446876.726754,53580.6532292395,0.023927877671045945,1.0037881422882846,200000
2026-02-24,196,53859.93601349979,-4.688773171706998,0.012071016296971881,53855.8938620348,54528.392355285105,53362.12854397424,16143346.263195287,847681373575.4644,318886170358559.7,5920436871.844775,53575.46180788378,0.023928023434496612,1.0037941015867995,203500
2026-02-25,197,53855.20404547802,-4.654253164203624,0.01211811090829773,53851.10952029243,54523.59714554138,53357.43085622178,16142398.833205018,847532496385.703,318857385938286.7,5920426856.555205,53570.307236751556,0.02392818017985553,1.003800030507698,218000
2026-02-26,198,53850.50640635293,-4.619947602886668,0.012164955872757066,53846.36014369227,54518.83658980345,53352.767459826544,16141444.49208137,847383867069.2957,318828805609166.5,5920416831.948998,53565.18929609158,0.023928347692948004,1.0038059290807315,216500
2026-02-27,199,53845.84288204289,-4.585855615824386,0.01221155158336873,53841.64551106127,54514.11047358613,53348.13813835875,16140483.45156599,847235494247.2847,318800428156881.75,5920406799.097796,53560.10776691305,0.023928525762409798,1.0038117973378766,195100
2026-03-03,200,53841.21325934937,-4.5519763268127065,0.012257898449824778,53836.965402181275,54509.418583267114,53343.54267631704,16139515.920192081,847087386365.1821,318772252371283.6,5920396759.054187,53555.0624309925,0.023928714179664818,1.0038176353132866,172200
2026-03-04,201,53836.61732596095,-4.518308855613924,0.01230399689801659,53832.319597792564,54504.76070609139,53338.98085913203,16138542.103318647,846939551695.0656,318744277046429.94,5920386712.851957,53550.053070880356,0.023928912738902252,1.0038234430432469,191600
2026-03-05,202,53832.054870457025,-4.484852318170482,0.012349847369634681,53827.707879597016,54500.13663017524,53334.45247316945,16137562.203164803,846791998337.6536,318716500980622.0,5920376661.5063505,53545.07946990736,0.02392912123705334,1.0038292205661283,188200
2026-03-06,203,53827.52568231135,-4.451605826830615,0.01239545032173428,53823.13003026112,54495.54614451022,53329.95730573319,16136576.41884426,846644734224.3982,318688922976439.6,5920366606.014308,53540.141412190584,0.023929339473767765,1.0038349679223435,173500
2026-03-09,204,53823.02955189545,-4.418568490531072,0.01244080622637106,53818.585833418794,54490.9890389667,53325.495145068126,16135584.946399363,846497767119.5574,318661541840775.5,5920356547.354722,53535.23868263932,0.023929567251389856,1.0038406851543034,187900
2026-03-10,205,53818.56627048171,-4.385739415016587,0.012485915570173978,53814.07507367399,54486.46510429744,53321.06578036271,16134587.978835544,846351104622.28,318634356384867.25,5920346486.488676,53530.37106696069,0.02392980437493434,1.0038463723063737,190000
2026-03-11,206,53814.13563024629,-4.353117703019194,0.01253077885401166,53809.597536602974,54481.97413214074,53316.6690017513,16133585.7061557,846204754168.6982,318607365424329.1,5920336424.359686,53525.538351665,0.02393005065206204,1.0038520294248328,187900
2026-03-12,207,53809.737424271945,-4.3207024544530555,0.01257539659256579,53805.15300875671,54477.515915023694,53312.30460031655,16132578.315393822,846058723033.9657,318580567779181.9,5920326361.893939,53520.74032407094,0.023930305893055184,1.0038576565578299,183500
2026-03-13,208,53805.371446550584,-4.288492766577491,0.012619769314037632,53800.74127766273,54473.090246364955,53307.97236809134,16131565.990649287,845913018334.3296,318553962273881.6,5920316300.000528,53515.97677231047,0.023930569910792676,1.0038632537553451,188700
2026-03-16,209,53801.037491985684,-4.256487734186209,0.012663897559746784,53796.362131827096,54468.69692047753,53303.6720980607,16130548.9131204,845767647029.169,318527547737347.4,5920306239.571688,53511.24748533359,0.02393084252072516,1.0038688210691493,193900
2026-03-17,210,53796.73535639449,-4.224686449777607,0.012707781883795177,53792.01536073595,54464.335732571286,53299.403584163505,16129527.261138547,845622615923.06,318501323002987.75,5920296181.483018,53506.55225291284,0.02393112354084996,1.0038743585527632,208500
2026-03-18,211,53792.46483651019,-4.193088003703394,0.012751422852743832,53787.700754857186,54460.00647875547,53295.16662129412,16128501.210201021,845477931667.7623,318475286908726.06,5920286126.5937195,53501.89086564767,0.023931412791685883,1.0038798662614206,200500
2026-03-19,212,53788.225729983664,-4.161691484336245,0.01279482104530083,53783.4181056416,54455.708956040784,53290.961005303616,16127470.933005385,845333600764.3013,318449438297024.8,5920276075.746812,53497.2631149685,0.02393171009624808,1.0038853442520286,199400
2026-03-20,213,53784.01783538545,-4.130495978227174,0.012837977051949612,53779.167205524325,54451.44296234157,53286.78653300125,16126436.59948149,845189629564.9006,318423776014908.75,5920266029.76936,53492.66879314072,0.023932015280022662,1.0038907925831315,186300
2026-03-23,214,53779.84095220718,-4.099500570238462,0.012880891474703282,53774.94784792566,54447.20829647771,53282.64300215535,16125398.37682546,845046024275.0376,318398298913987.1,5920255989.472691,53488.10769326846,0.023932328170941423,1.003896211314873,189700
2026-03-24,215,53775.694880863164,-4.068704343712142,0.012923564926733355,53770.75982725211,54443.00475817638,53278.53021149445,16124356.429531973,844902790955.3926,318373005850474.94,5920245955.652615,53483.57960929813,0.023932648599356482,1.0039016005089603,189000
2026-03-25,216,53771.579422691655,-4.038106380588118,0.012965998032116455,53766.6029388971,54438.83214807375,53274.447960708,16123310.91942709,844759935523.8245,318347895685213.06,5920235929.089634,53479.084336021864,0.02393297639801492,1.0039069602286281,180100
2026-03-26,217,53767.4943799561,-4.007705761549914,0.013008191425528115,53762.47697924165,54434.69026771645,53270.39605044713,16122262.005700368,844617463757.3142,318322967283687.56,5920225910.549161,53474.62166908076,0.023933311402033492,1.0039122905386044,179700
2026-03-27,218,53763.43955584615,-3.9775015661616067,0.013050145751944742,53758.38174565479,54430.57891956291,53266.3742823252,16121209.844937311,844475381293.9268,318298219516047.94,5920215900.781723,53470.19140496796,0.02393365344887329,1.0039175915050753,176300
2026-03-30,219,53759.41475447862,-3.94749287298049,0.013091861666387539,53754.31703649401,54426.497906984645,53262.38245891821,16120154.591151193,844333693634.7144,318273651257124.56,5920205900.523171,53465.79334103156,0.02393400237831452,1.003922863195651,167200
2026-03-31,220,53755.41978089827,-3.9176787596972815,0.01313333983363768,53750.282651105466,54422.44703426734,53258.42038376515,16119096.395814814,844192406145.637,318249261386445.4,5920195910.494887,53461.427275477385,0.02393435803243132,1.0039281056793323,189600
2026-04-01,221,53751.454441078546,-3.8880583032481866,0.013174580927964363,53746.27838982414,54418.426106611834,53254.48786136821,16118035.407891773,844051524059.4468,318225048788251.56,5920185931.403982,53457.0930073716,0.023934720255566613,1.0039333190264792,178400
2026-04-02,222,53747.51854192211,-3.8586305799410923,0.01321558563284908,53742.304053973836,54414.43493013499,53250.58469719287,16116971.773867793,843911052477.5614,318201012351512.2,5920175963.943498,53452.79033664319,0.02393508889430706,1.0039385033087767,186200
2026-04-03,223,53743.61189126131,-3.8293946655569187,0.013256354640769241,53738.35944586707,54410.47331187044,53246.710697667855,16115905.637781907,843770996371.9507,318177150969938.5,5920166008.7926035,53448.51906408626,0.023935463797458152,1.0039436585992039,193100
2026-04-06,224,53739.73429785851,-3.8003496354705533,0.013296888652916838,53734.44436880489,54406.54105976923,53242.86567018504,16114837.141256817,843631360586.9546,318153463541997.2,5920156066.616793,53444.278991362225,0.023935844816019368,1.0039487849720028,196500
2026-04-07,225,53735.88557140637,-3.7714945647554146,0.013337188378953868,53730.55862707658,54402.63798270036,53239.04942309924,16113766.423529433,843492149841.1113,318129948970922.7,5920146138.068075,53440.06992100189,0.023936231803159406,1.0039538825026482,210500
2026-04-08,226,53732.06552252792,-3.7428285282976503,0.013377254536770411,53726.70202595916,54398.76389045112,53235.261765727795,16112693.62148127,843353368728.989,318106606164729.0,5920136223.785167,53435.891656407286,0.023936624614191628,1.0039589512678155,204000
2026-04-09,227,53728.273962776635,-3.7143506008817155,0.013417087852257814,53722.874371716964,54394.91859372748,53231.50250835024,16111618.869668238,843215021722.9615,318083434036220.8,5920126324.393678,53431.74400185353,0.023937023106549542,1.0039639913453529,206000
2026-04-10,228,53724.51070463636,-3.6860598573019843,0.013456689059078597,53719.07547160101,54391.1019041543,53227.77146220773,16110542.300350234,843077113174.9901,318060431503003.56,5920116440.506299,53427.62676249043,0.023937427139762473,1.0039690028142512,201000
2026-04-13,229,53720.775561521135,-3.6579553724591563,0.013496058898415375,53715.30513384827,54387.313634275386,53224.06843950247,16109464.043520592,842939647318.3833,318037597487493.1,5920106572.722985,53423.53974434406,0.023937836575431366,1.003973985754615,206500
2026-04-14,230,53717.06834777494,-3.6300362214451525,0.013535198118786673,53711.56316768089,54383.553597553546,53220.39325339697,16108384.226935295,842802628269.5372,318014930916924.7,5920096721.631138,53419.48275431814,0.023938251277204753,1.0039789402476351,211000
2026-04-15,231,53713.38887867136,-3.602301479648844,0.013574107475794961,53707.84938330531,54379.82160837046,53216.74571801325,16107302.976141788,842666060029.6658,317992430723361.0,5920086887.805782,53415.45560019531,0.02393867111075485,1.0039838663755596,217500
2026-04-16,232,53709.7369704131,-3.5747502228380483,0.013612787731920761,53704.16359191129,54376.11748202659,53213.125648432,16106220.414507456,842529946486.5034,317970095843699.8,5920077071.809747,53411.45809063836,0.0239390959437538,1.0039887642216667,216000
2026-04-17,233,53706.11244013152,-3.547381527244056,0.01365123965632703,53700.50560567085,54372.4410347408,53209.5328606916,16105136.663248055,842394291415.9908,317947925219681.0,5920067274.193836,53407.49003519127,0.023939525645850137,1.003993633870238,214500
2026-04-20,234,53702.515105885985,-3.520194469649965,0.013689464024640996,53696.875237737164,54368.792083650085,53205.967171787124,16104051.841455728,842259098483.9525,317925917797892.75,5920057495.497005,53403.55124428015,0.023939960088645355,1.0039984754065319,219000
2026-04-21,235,53698.9447866632,-3.4931881274720524,0.013727461618755377,53693.27230224335,54365.170446809156,53202.42839966917,16102966.06612664,842124371247.7463,317904072529777.1,5920047736.24653,53399.6415292141,0.023940399145670702,1.0040032889167572,217500
2026-04-22,236,53695.40130237641,-3.4663615788400364,0.013765233226640639,53689.69661430108,54361.5759431898,53198.91636324268,16101879.452188842,841990113157.9126,317882388371635.5,5920037996.958173,53395.76070218597,0.02394084269236415,1.0040080744880477,224500
2026-04-23,237,53691.884473864564,-3.4397139026784487,0.013802779642122454,53686.14798999943,54358.00839268042,53195.43088236574,16100792.11252892,841856327559.7722,317860864284632.8,5920028278.136355,53391.90857627298,0.02394129060604748,1.004012832208437,219500
2026-04-24,238,53688.3941228914,-3.4132441787796495,0.01384010166471894,53682.62624640325,54354.46761608527,53191.97177784818,16099704.158019185,841723017695.0347,317839499234801.56,5920018580.274317,53388.084965437265,0.023941742765903638,1.0040175621668328,224500
2026-04-27,239,53684.93007214443,-3.386951487879088,0.013877200099441211,53679.13120155171,54350.9534351237,53188.53887145018,16098615.697544446,841590186703.3848,317818292193045.2,5920008903.85428,53384.289684526324,0.023942199052954187,1.0040222644529935,222000
2026-04-28,240,53681.49214523386,-3.3608349117276077,0.013914075756621902,53675.66267445678,54347.465672429345,53185.13198588081,16097526.838028444,841457837624.0654,317797242135141.06,5919999249.347613,53380.52254927336,0.023942659350037063,1.004026939157503,226000
2026-04-29,241,53678.08016669148,-3.3348935331657117,0.013950729451711497,53672.220485101534,54344.00415154922,53181.7509447965,16096437.684459595,841325973397.3862,317776348041742.6,5919989617.214982,53376.78337629754,0.023943123541784378,1.004031586371748,220500
