Date,Step,종가_pred,대비_pred,등락률_pred,시가_pred,고가_pred,저가_pred,거래량_pred,거래대금_pred,시가총액_pred,상장주식수_pred,종가_actual
2025-05-02,0,55799.5241664927,299.5241664927082,0.4495732831289362,55444.299243290625,56251.31348704972,55120.74735360393,13187419.473596571,722332395379.2614,330401173299329.5,5920049171.720794,54600.0
2025-05-07,1,55842.21751868236,42.69335218966536,0.08884879074031668,55761.470291758,56416.25289321139,55280.38449655211,14580391.658566996,804084794934.7172,330610632471066.25,5920061181.214191,54600.0
2025-05-08,2,55871.29302875232,29.075510069961652,0.06723079395541362,55817.94800502931,56493.757211082106,55309.924218266715,15682747.22083078,871984617780.8333,330764348656097.75,5920050469.611737,54800.0
2025-05-09,3,55903.68267040212,32.38964164980827,0.07570847681203693,55857.89772613951,56548.656905681826,55338.64419278953,16402282.18532972,915934597765.2979,330947430271652.9,5920035141.414761,57600.0
2025-05-12,4,55941.27897972675,37.59630932462939,0.08632926408841332,55899.009026982996,56599.10940759259,55372.82074398438,16853394.8609209,943668350790.2041,331165627617057.4,5920026768.434794,56900.0
2025-05-13,5,55982.38396240701,41.10498268027142,0.09337709715251727,55942.42653139979,56648.08414953132,55411.83101143365,17130587.198141374,960997217485.8944,331407190521814.44,5920024042.808263,57400.0
2025-05-14,6,56025.5501519442,43.166189537199,0.09759780319036201,55987.228604194104,56696.23194795605,55453.67009714423,17300368.395752907,971936159383.6682,331662621852978.0,5920025247.498747,57300.0
2025-05-15,7,56069.81952347311,44.26937152891834,0.09997633665188074,56032.76130119411,56743.765623159365,55497.07432176648,17404252.569738455,978972814765.4445,331925658632429.9,5920029264.51091,56800.0
2025-05-16,8,56114.606014877565,44.78649140446511,0.1012229768507121,56078.575641576026,56790.76665211929,55541.26828609195,17467651.115907043,983619815386.738,332192444247230.06,5920035388.096122,55800.0
2025-05-19,9,56159.55175378401,44.94573890646508,0.10177413709031921,56124.398694817675,56837.27897644149,55585.78470401001,17506134.922376797,986798678431.3739,332460614031904.75,5920043170.959262,55900.0
2025-05-20,10,56204.437415213884,44.88566142987385,0.10189624532533545,56170.06499549598,56883.329692789295,55630.33989172002,17529274.68328637,989073069546.3519,332728714857976.5,5920052326.97131,55700.0
2025-05-21,11,56249.12843659951,44.69102138563177,0.10175326210911692,56215.47385472496,56928.93609304812,55674.76081560007,17542968.067365207,990788889789.2002,332995853096764.25,5920062670.389547,54700.0
2025-05-22,12,56293.54244327013,44.41400667062727,0.10144665414907358,56260.5641173818,56974.10956832459,55718.94188099967,17550856.16935067,992158942430.9396,333261480214707.94,5920074078.33662,54200.0
2025-05-23,13,56337.62930493801,44.08686166788836,0.10103937738483934,56305.298927091586,57018.85796318466,55762.81886541411,17555189.95910979,993314402784.499,333525261141180.06,5920086467.3890915,54700.0
2025-05-26,14,56381.35885126532,43.72954632731832,0.10057054003124874,56349.6564152786,57063.186993089956,55806.353012006075,17557362.376939088,994336254443.4609,333786993061137.25,5920099778.90591,53900.0
2025-05-27,15,56424.713281994664,43.3544307293471,0.10006445227895741,56393.62397793136,57107.101093419085,55849.52127218635,17558235.96475958,995274554986.5466,334046555186799.94,5920113969.832072,55900.0
2025-05-28,16,56467.68246996124,42.969187966585665,0.09953623372379669,56437.19474587598,57150.60392739918,55892.31030247952,17558344.992176466,996160273893.2461,334303877646264.6,5920129006.938553,56100.0
2025-05-29,17,56510.261051127476,42.57858116624199,0.09899529297424911,56480.36540375023,57193.69869084298,55934.71276364357,17558020.348370828,997012582078.3328,334558922194290.0,5920144863.21743,56200.0
2025-05-30,18,56552.44662011842,42.185568990947345,0.09844748837852477,56523.13484051466,57236.3882957552,55976.72503534555,17557466.81186826,997843348793.461,334811670243458.75,5920161515.627295,56800.0
2025-06-02,19,56594.238610403,41.79199028459517,0.09789647042709534,56565.50331351845,57278.675481410035,56018.34580295546,17556810.90918883,998659920040.9465,335062115432545.25,5920178943.683764,57800.0
2025-06-04,20,56635.63759887354,41.39898847054566,0.09734451609776226,56607.471930162894,57320.56288177778,56059.57518256555,17556130.584504995,999466837464.5028,335310259009322.8,5920197128.578491,59100.0
2025-06-05,21,56676.644873709636,41.00727483611537,0.09679304761471105,56649.04232620199,57362.053066554116,56100.414178662744,17555473.607454836,1000266902931.3225,335556106960370.0,5920216052.628446,59800.0
2025-06-09,22,56717.26216568574,40.61729197610977,0.09624295508976907,56690.216465909194,57403.14856615829,56140.86434765789,17554869.00126885,1001061838485.8206,335799668225914.0,5920235698.931491,59200.0
2025-06-10,23,56757.491481000245,40.22931531451606,0.09569479724138472,56730.996517833926,57443.85188696,56180.927588942635,17554334.141564146,1001852695785.7556,336040953588907.75,5920256051.150752,59900.0
2025-06-11,24,56797.334997194834,39.84351619459473,0.09514892629308788,56771.38477747785,57484.16552053186,56220.606015020734,17553879.167892404,1002640110281.853,336279974983245.75,5920277093.379365,59500.0
2025-06-12,25,56836.794998296304,39.460001101477715,0.09460556570630216,56811.38361911292,57524.091949239584,56259.901870707865,17553509.726328366,1003424459098.5789,336516745062629.8,5920298810.055375,58300.0
2025-06-13,26,56875.87383435285,39.07883605655799,0.09406485856917465,56850.99546570864,57563.63364958283,56298.8174828003,17553228.675009944,1004205959142.8318,336751276931579.8,5920321185.907924,57200.0
2025-06-16,27,56914.573896145965,38.700061793130104,0.0935268977217246,56890.2227701189,57602.7930941522,56337.355228674045,17553037.145028546,1004984728091.1665,336983583977335.25,5920344205.922949,58100.0
2025-06-17,28,56952.89759934689,38.32370320092902,0.09299174451534972,56929.06800327166,57641.57275273428,56375.51751665103,17552935.200449184,1005760822311.1262,337213679764554.4,5920367855.321054,59800.0
2025-06-18,29,56990.84737455236,37.94977520547265,0.09245944049624141,56967.53364671707,57679.97509289218,56413.30677368374,17552922.248984843,1006534260444.5083,337441577969109.8,5920392119.542974,59200.0
2025-06-19,30,57028.42566098186,37.578286429514506,0.09193001468419734,57005.622187888745,57718.002580223445,56450.72543759318,17552997.29753558,1007305038074.842,337667292336233.7,5920416984.239776,59500.0
2025-06-20,31,57065.63490245544,37.20924147358575,0.09140348810735896,57043.336117055886,57755.657678420146,56487.77595214144,17553159.111193802,1008073136849.384,337890836653830.7,5920442435.266014,58000.0
2025-06-23,32,57102.477544793845,36.842642338417605,0.09087987663066052,57080.677925328855,57792.942849208026,56524.46076386963,17553406.31216297,1008838530150.8118,338112224735250.06,5920468458.674743,60500.0
2025-06-24,33,57138.956034106086,36.47848931225646,0.09035919272011958,57117.65010332325,57829.86055221295,56560.782320037,17553737.441276103,1009601186621.9058,338331470407957.0,5920495040.713673,61300.0
2025-06-25,34,57175.072815630876,36.11678152479432,0.08984144654415291,57154.25514023546,57866.41324478362,56596.74306724673,17554150.996232957,1010361072354.2416,338548587505888.5,5920522167.822066,60200.0
2025-06-26,35,57210.830332925296,35.75751729442665,0.089326646663176,57190.495523176054,57902.60338178931,56632.345450501176,17554645.4553404,1011118152245.1367,338763589864115.9,5920549826.62808,60800.0
2025-06-27,36,57246.23102727155,35.40069434625708,0.08881480046228982,57226.37373666583,57938.43341540385,56667.591912526455,17555219.292226184,1011872390836.808,338976491314955.2,5920578003.9464035,59800.0
2025-06-30,37,57281.277337220934,35.04630994940068,0.08830591442311894,57261.892262235066,57973.90579488287,56702.48489326638,17555870.98493446,1012623752833.4282,339187305684989.06,5920606686.776081,60200.0
2025-07-01,38,57315.97169822524,34.69436100431723,0.08779999429637084,57297.05357808839,58009.02296633848,56737.02682948348,17556599.02152194,1013372203417.5308,339396046792667.56,5920635862.298454,60800.0
2025-07-02,39,57350.31654232456,34.34484409932635,0.08729704521277068,57331.860158812575,58043.78737251451,56771.22015442869,17557401.90347354,1014117708441.4688,339602728446281.25,5920665517.875185,63800.0
2025-07-03,40,57384.314297871555,33.997755546997965,0.08679707175421511,57366.31447511297,58078.201452563415,56805.067297555346,17558278.147763442,1014860234541.294,339807364442175.1,5920695641.046336,63300.0
2025-07-04,41,57417.96738928016,33.65309140860951,0.08630007800111036,57400.41899356904,58112.26764182619,56838.57068426243,17559226.28807173,1015599749202.3467,340009968563123.2,5920726219.528484,61700.0
2025-07-07,42,57451.27823679187,33.31084751171922,0.08580606756577444,57434.17617640364,58145.98837161589,56871.7327356578,17560244.875472616,1016336220794.5583,340210554576815.9,5920757241.212872,61400.0
2025-07-08,43,57484.24925625346,32.971019461598885,0.08531504361413042,57467.588481263134,58179.36606900489,56904.555868335614,17561332.478799842,1017069618589.4292,340409136234423.25,5920788694.163574,60400.0
2025-07-09,44,57516.88285890439,32.63360265093594,0.08482700888352243,57500.6583610047,58212.40315661619,56937.0424941637,17562487.684806906,1017799912765.2667,340605727269219.5,5920820566.61569,61000.0
2025-07-10,45,57549.18145117168,32.29859226728924,0.08434196569613558,57533.38826349087,58245.10205241906,56969.19502007951,17563709.09819948,1018527074405.2151,340800341395254.4,5920852846.97355,62600.0
2025-07-11,46,57581.14743447054,31.96598329886639,0.08385991596952622,57565.78063138971,58277.465169528725,57001.01584789229,17564995.341593187,1019251075491.0745,340992992306061.94,5920885523.808937,62500.0
2025-07-14,47,57612.78320501079,31.63577054025656,0.08338086122646113,57597.837901979925,58309.49491601026,57032.507374091045,17566345.055420466,1019971888894.3074,341183693673404.5,5920918585.859324,63700.0
2025-07-15,48,57644.09115360805,31.307948597274176,0.08290480260350272,57629.56250696099,58341.193694686845,57063.671989657654,17567756.897808425,1020689488365.4353,341372459146046.8,5920952022.026127,64700.0
2025-07-16,49,57675.0736654995,30.98251189145141,0.08243174085867619,57660.95687226773,58372.56390295195,57094.51207988449,17569229.544439465,1021403848522.5742,341559302348558.2,5920985821.372967,66700.0
2025-07-17,50,57705.73312016386,30.65945466436598,0.08196167637896087,57692.02341788915,58403.60793258575,57125.03002419644,17570761.688400798,1022114944839.373,341744236880141.7,5921019973.12395,67100.0
2025-07-18,51,57736.07189114602,30.33877098217114,0.08149460918797033,57722.76455769142,58434.32816957565,57155.22819597737,17572352.04002568,1022822753632.5798,341927276313490.3,5921054466.661959,67800.0
2025-07-21,52,57766.092345885285,30.020454739273433,0.081030538952345,57753.18269924533,58464.72699394076,57185.10896240042,17573999.326734275,1023527252049.6582,342108434193667.0,5921089291.526957,66000.0
2025-07-22,53,57795.79684554781,29.704499662527283,0.08056946498881098,57783.28024365728,58494.80677956039,57214.67468426243,17575702.292870514,1024228418056.2605,342287724037009.6,5921124437.414305,66400.0
2025-07-23,54,57825.18774486283,29.39089931502282,0.08011138627073441,57813.05958540453,58524.569894006374,57243.9277158221,17577459.69953948,1024926230423.8049,342465159330060.0,5921159894.173094,66000.0
2025-07-24,55,57854.267391962974,29.079647100159278,0.0796563014350847,57842.52311217405,58554.01869837939,57272.87040464217,17579270.324443277,1025620668717.0286,342640753528517.3,5921195651.804486,65900.0
2025-07-25,56,57883.03812822812,28.770736265158135,0.07920420878841114,57871.67320470563,58583.155547149036,57301.50509143524,17581132.961719126,1026311713281.7614,342814520056213.7,5921231700.460073,70400.0
2025-07-28,57,57911.50228813291,28.464159904805925,0.07875510631325552,57900.512236638286,58611.98278799763,57329.83410991325,17583046.42177726,1026999345232.7751,342986472304112.75,5921268030.440243,70600.0
2025-07-29,58,57939.662199098246,28.159910965339364,0.07830899167487346,57929.04257436051,58640.502761667754,57357.85978664065,17585009.531139035,1027683546441.6648,343156623629332.0,5921304632.192561,72600.0
2025-07-30,59,57967.52018134606,27.857982247824353,0.07786586222692402,57957.26657686439,58668.71780181353,57385.58444089121,17587021.132277258,1028364299524.9905,343324987354185.8,5921341496.310168,71400.0
2025-07-31,60,57995.07854775777,27.558366411716193,0.07742571501773363,57985.18659560301,58696.630234855336,57413.01038450822,17589080.083456714,1029041587832.4678,343491576765251.5,5921378613.530184,68900.0
2025-08-01,61,58022.33960373647,27.261055978714708,0.07698854679679842,58012.80497435152,58724.242379838295,57440.139921768365,17591185.258575015,1029715395435.2366,343656405112457.2,5921415974.732127,69700.0
2025-08-04,62,58049.3056470721,26.966043335638247,0.07655435401981667,58040.12404907199,58751.556548294124,57466.97534924891,17593335.54700672,1030385707114.4348,343819485608189.56,5921453570.936349,69900.0
2025-08-05,63,58075.97896781045,26.673320738358612,0.0761231328554611,58067.14614778107,58778.5750441065,57493.51895569823,17595529.853446066,1031052508349.7046,343980831426424.5,5921491393.302475,68800.0
2025-08-06,64,58102.36184812534,26.382880314889476,0.07569487919066673,58093.87359042176,58805.300163379856,57519.773021909845,17597767.097752288,1031715785307.9438,344140455701877.2,5921529433.127865,70500.0
2025-08-07,65,58128.45656219407,26.094714068732415,0.07526958863648034,58120.308688738005,58831.73419431146,57545.73982059958,17600046.21479576,1032375524832.1699,344298371529173.1,5921567681.846078,71800.0
2025-08-08,66,58154.265376076415,25.808813882359587,0.074847256534022,58146.45374615284,58857.879417066986,57571.421616286105,17602366.154303923,1033031714430.4208,344454591962040.06,5921606131.025358,71000.0
2025-08-11,67,58179.79054759639,25.525171519976098,0.07442787795942948,58172.31105764988,58883.73810365917,57596.820665174586,17604725.88071104,1033684342264.9702,344609130012518.25,5921644772.367126,71100.0
2025-08-12,68,58205.03432622759,25.24377863120732,0.07401144772999699,58197.88290965773,58909.312517829814,57621.93921504349,17607124.373006217,1034333397141.471,344761998650191.6,5921683597.704488,71900.0
2025-08-13,69,58229.99895298139,24.96462675380714,0.07359796040915553,58223.17157993774,58934.60491493485,57646.7795051345,17609560.624584354,1034978868498.3524,344913210801437.75,5921722599.000747,71600.0
2025-08-14,70,58254.68666029855,24.687707317156324,0.07318741031234963,58248.17933747488,58959.6175418327,57671.3437660456,17612033.643096697,1035620746396.2334,345062779348697.75,5921761768.34794,70000.0
2025-08-18,71,58279.09967194338,24.413011644840495,0.07277979151165889,58272.90844237178,58984.352636775635,57695.63421962704,17614542.450304154,1036259021507.5948,345210717129763.4,5921801097.965381,70000.0
2025-08-19,72,58303.240202901434,24.140530958052082,0.07237509784172355,58297.36114574546,59008.81242930414,57719.65307888033,17617086.081929974,1036893685106.4266,345357036937084.5,5921840580.198207,70500.0
2025-08-20,73,58327.11045927977,23.87025637834087,0.07197332290443045,58321.53968962751,59032.999140144384,57743.40254786018,17619663.587514695,1037524729058.1063,345501751517093.7,5921880207.515954,70600.0
2025-08-21,74,58350.712638210236,23.60217893047208,0.07157446007408716,58345.446306866856,59056.91498110852,57766.88482157933,17622274.030271996,1038152145809.3503,345644873569549.0,5921919972.511131,71400.0
2025-08-22,75,58374.04892775562,23.336289545392688,0.07117850250253785,58369.08322103552,59080.562154998,57790.102085916136,17624916.486945283,1038775928378.29,345786415746894.56,5921959867.897809,71500.0
2025-08-25,76,58397.121506818716,23.072579063109302,0.07078544312417975,58392.45264633728,59103.942855509704,57813.05651752505,17627590.047665156,1039396070344.6477,345926390653639.5,5921999886.510225,70300.0
2025-08-26,77,58419.93254505407,22.811038235366155,0.07039527466072601,58415.55678751916,59127.05926714496,57835.75028374995,17630293.815808274,1040012565840.0421,346064810845753.0,5922040021.301396,70600.0
2025-08-27,78,58442.48420278247,22.5516577284193,0.07000798962604046,58438.397839785684,59149.91356512131,57858.18554253997,17633026.90785735,1040625409538.4215,346201688830076.9,5922080265.341743,69600.0
2025-08-28,79,58464.77863090812,22.29442812565982,0.06962358033083613,58460.977988715735,59172.50791528695,57880.3644423682,17635788.453262202,1041234596646.6012,346337037063754.8,5922120611.817729,69700.0
2025-08-29,80,58486.81797083865,22.03933993053603,0.0692420388877116,58483.29941018223,59194.84447403807,57902.2891221529,17638577.594301213,1041840122894.8857,346470867953678.75,5922161054.030507,67600.0
2025-09-01,81,58508.60435440744,21.78638356880721,0.06886335721524248,58505.364270274535,59216.92538823863,57923.96171118144,17641393.48594494,1042441984527.8677,346603193855950.2,5922201585.394582,69100.0
2025-09-02,82,58530.13990379881,21.535549391378268,0.06848752704297065,58527.17472522317,59238.7527951429,57945.384329036635,17644235.295719873,1043040178295.2664,346734027075358.94,5922242199.4364805,69800.0
2025-09-03,83,58551.4267314755,21.286827676691715,0.06811453991564273,58548.73292132745,59260.32882232053,57966.55908552577,17647102.203573868,1043634701442.9519,346863379864876.7,5922282889.793435,70100.0
2025-09-04,84,58572.466940108985,21.040208633497073,0.06774438719805151,58570.04099488532,59281.65558758424,57987.488080612005,17649993.401741378,1044225551703.9623,346991264425167.1,5922323650.212078,69500.0
2025-09-05,85,58593.26262251187,20.795682402891558,0.06737706007885377,58591.10107212606,59302.7351989199,58008.1734043483,17652908.09461167,1044812727289.7798,347117692904110.3,5922364474.547148,70100.0
2025-09-08,86,58613.81586157303,20.55323906115997,0.06701254957535804,58611.91526914505,59323.56975441918,58028.61713681365,17655845.49859635,1045396226881.5802,347242677396343.1,5922405356.760206,71500.0
2025-09-09,87,58634.12873019487,20.3128686218529,0.06665084653747697,58632.485691841226,59344.16134221455,58048.82134805178,17658804.841998994,1045976049621.673,347366229942813.7,5922446290.918366,72600.0
2025-09-10,88,58654.20329123318,20.074561038322614,0.06629194165214067,58652.814435856766,59364.51204041674,58068.78809801212,17661785.364885133,1046552195105.0198,347488362530351.25,5922487271.193032,73400.0
2025-09-11,89,58674.04159743908,19.838306205912446,0.06593582544723717,58672.90358651919,59384.62391705447,58088.51943649307,17664786.318953894,1047124663370.8512,347609087091249.94,5922528291.858649,75400.0
2025-09-12,90,58693.64569140352,19.604093964453355,0.0655824882960275,58692.75521878569,59404.49903001661,58108.01740308761,17667806.967409663,1047693454894.3689,347728415502867.44,5922569347.291465,76500.0
2025-09-15,91,58713.01760550372,19.371914100199334,0.06523192042080148,58712.37139718992,59424.13942699657,58127.28402713106,17670846.58483573,1048258570578.5918,347846359587236.75,5922610431.968302,79400.0
2025-09-16,92,58732.15936185206,19.14175634833488,0.06488411189705254,58731.75417579071,59443.5471454389,58146.32132765107,17673904.45706857,1048820011746.2832,347962931110692.6,5922651540.465343,78200.0
2025-09-17,93,58751.072972246904,18.91361039484879,0.06453905265724277,58750.90559812324,59462.72421248811,58165.131313319675,17676979.88107331,1049377780131.9833,348078141783510.6,5922692667.4569235,80500.0
2025-09-18,94,58769.760438125886,18.687465878989556,0.064196732494984,58769.827697152214,59481.67264493976,58183.71598240759,17680072.164819572,1049931877874.1094,348192003259560.75,5922733807.714335,79700.0
2025-09-19,95,58788.22375052098,18.46331239509415,0.06385714106841597,58788.52249522732,59500.39444919357,58202.07732274059,17683180.62715911,1050482307507.2158,348304527135973.2,5922774956.104647,83500.0
2025-09-22,96,58806.464890015806,18.241139494836276,0.06352026790422402,58806.99200404058,59518.8916212087,58220.217311657805,17686304.59770418,1051029071954.3024,348415724952817.4,5922816107.589524,84700.0
2025-09-23,97,58824.48582670497,18.020936689164742,0.06318610240125219,58825.2382245859,59537.16614646106,58238.137915972184,17689443.416706506,1051572174519.2356,348525608192793.94,5922857257.224073,85400.0
2025-09-24,98,58842.28852015527,17.802693450304346,0.06285463383403198,58843.263147120626,59555.21999990272,58255.84109193286,17692596.434938215,1052111618879.2896,348634188280938.75,5922898400.155683,86100.0
2025-09-25,99,58859.87491936916,17.586399213894552,0.06252585135678265,58861.06875112899,59573.05514592328,58273.328785189515,17695763.01357185,1052647409077.688,348741476584340.5,5922939531.622886,83300.0
2025-09-26,100,58877.246962749836,17.372043380674782,0.062199744006363605,58878.65700528775,59590.67353831328,58290.60293075868,17698942.524063703,1053179549516.3856,348847484411868.75,5922980646.9542265,84200.0
2025-09-29,101,58894.406578068396,17.159615318568527,0.06187630070617786,58896.029867433455,59608.07712022939,58307.665452991845,17702134.34803649,1053708044948.8274,348952223013915.1,5923021741.567142,83900.0
2025-09-30,102,58911.35568243278,16.94910436439524,0.06155551026930825,58913.18928453182,59625.26782416169,58324.5182655455,17705337.877164107,1054232900472.8848,349055703582145.6,5923062810.966845,86000.0
2025-10-01,103,58928.09618225881,16.74049982603107,0.06123736140236233,58930.13719264883,59642.24757190276,58341.16327135296,17708552.513055637,1054754121523.749,349157937249265.7,5923103850.745231,89000.0
2025-10-02,104,58944.62997324268,16.533790983876557,0.06092184270824483,58946.875516923865,59659.01827451862,58357.60236259813,17711777.66714209,1055271713867.0754,349258935088795.0,5923144856.579783,94400.0
2025-10-10,105,58960.95894033538,16.328967092713143,0.060608942689647755,58963.40617154442,59675.5818323214,58373.8374206908,17715012.760563917,1055785683592.1499,349358708114854.25,5923185824.232496,93300.0
2025-10-13,106,58977.08495771899,16.12601738360992,0.06029864975245611,58979.7310597226,59691.940134843935,58389.870316243745,17718257.224058367,1056296037105.112,349457267281963.3,5923226749.5487995,91600.0
2025-10-14,107,58993.009888784545,15.924931065561637,0.05999095220882142,58995.85207367357,59708.09506081604,58405.70290905176,17721510.497848283,1056802781122.2969,349554623484850.0,5923267628.456504,95000.0
2025-10-15,108,59008.73558611168,15.725697327143294,0.05968583828016691,59011.77109459551,59724.04847814254,58421.337048072084,17724772.031532317,1057305922663.6654,349650787558269.1,5923308456.964748,97700.0
2025-10-16,109,59024.263891449824,15.528305338143142,0.059383296100321864,59027.4899926513,59739.8022438829,58436.774571406604,17728041.283975873,1057805469046.3307,349745770276832.3,5923349231.162961,97900.0
2025-10-17,110,59039.59663570115,15.332744251335967,0.059083313718737734,59043.01062695188,59755.35820423267,58452.017306285656,17731317.723202534,1058301427878.1475,349839582354848.2,5923389947.219826,98100.0
2025-10-20,111,59054.735638905164,15.139003204028555,0.058785879103408906,59058.33484554123,59770.71819450645,58467.067069053475,17734600.82628656,1058793807051.373,349932234446173.06,5923430601.382266,97500.0
2025-10-21,112,59069.682710224704,14.947071319544435,0.0584909801436114,59073.46448538299,59785.8840391226,58481.92566515512,17737890.07924694,1059282614736.4702,350023737144070.7,5923471189.974432,98600.0
2025-10-22,113,59084.43964793355,14.756937708858246,0.05819860465294399,59088.40137234853,59800.857551589266,58496.59488912499,17741184.9769419,1059767859375.959,350114100981082.1,5923511709.396697,96500.0
2025-10-23,114,59099.00823940573,14.568591472181893,0.05790874037241597,59103.14732120658,59815.64053449229,58511.07652457682,17744485.02296359,1060249549678.296,350203336428906.0,5923552156.12467,98800.0
2025-10-24,115,59113.390261105946,14.382021700216924,0.05762137497262096,59117.704135614564,59830.23477948435,58525.37234419516,17747789.729536105,1060727694611.9937,350291453898286.8,5923592526.708209,102000.0
2025-10-27,116,59127.587478582034,14.197217476094934,0.05733649605753474,59132.07360811101,59844.642067275854,58539.48410972839,17751098.617410082,1061202303399.5568,350378463738914.7,5923632817.770453,99500.0
2025-10-28,117,59141.601646458264,14.014167876242496,0.05705409116611401,59146.257520110026,59858.86416762714,58553.41357198309,17754411.21576326,1061673385511.7977,350464376239331.7,5923673026.006857,100500.0
2025-10-29,118,59155.43450843045,13.832861972192418,0.056774147775695866,59160.25764189657,59872.902839342125,58567.16247081977,17757727.06209842,1062140950662.033,350549201626848.94,5923713148.184235,104100.0
2025-10-30,119,59169.08779726227,13.653288831829755,0.05649665330439188,59174.0757326235,59886.75983026346,58580.73253515008,17761045.702143565,1062605008800.4238,350632950067471.75,5923753181.139818,107500.0
2025-10-31,120,59182.56323478312,13.475437520861547,0.05622159511380018,59187.71354030993,59900.436877269,58594.125482935284,17764366.689752497,1063065570108.3706,350715631665834.2,5923793121.780321,111100.0
2025-11-03,121,59195.86253188708,13.299297103976656,0.055948960511369744,59201.17280184091,59913.93570626971,58607.343021186214,17767689.586806674,1063522644993.0044,350797256465141.0,5923832967.081012,104900.0
2025-11-04,122,59208.9873885334,13.124856646325739,0.05567873675307697,59214.45524296845,59927.25803220884,58620.38684596427,17771013.963117965,1063976244081.7703,350877834447119.0,5923872714.084798,100600.0
2025-11-05,123,59221.93949374813,12.952105214724057,0.05541091104584414,59227.56257831379,59940.405559062434,58633.25864238395,17774339.396331932,1064426378217.0409,350957375531975.9,5923912359.901315,99200.0
2025-11-06,124,59234.720525627155,12.781031879034359,0.05514547055005389,59240.496511371064,59953.37997984123,58645.96008461649,17777665.47183188,1064873058450.8191,351035889578367.8,5923951901.706031,97900.0
2025-11-07,125,59247.33215134032,12.611625713174377,0.05488240238169681,59253.258734512136,59966.182976593635,58658.492835894795,17780991.782644518,1065316296039.555,351113386383374.3,5923991336.739354,100600.0
2025-11-10,126,59259.77602713703,12.44387579672322,0.0546216936152136,59265.85092899266,59978.81622041019,58670.85854851958,17784317.929345254,1065756102438.9419,351189875682481.56,5924030662.305752,103500.0
2025-11-11,127,59272.053798352565,12.277771215551425,0.054363331284984134,59278.274764959504,59991.28137142902,58683.058863866674,17787643.519966163,1066192489298.94,351265367149572.1,5924069875.772878,103100.0
2025-11-12,128,59284.16709941619,12.11330106363313,0.05410730238865233,59290.53190145896,60003.58007884263,58695.0954123954,17790968.169902686,1066625468458.6793,351339870396924.0,5924108974.570709,102800.0
2025-11-13,129,59296.11755385989,11.950454443706363,0.05385359388843444,59302.62398644668,60015.71398090581,58706.969813658325,17794291.501822926,1067055051941.6007,351413394975215.25,5924147956.190691,97200.0
2025-11-14,130,59307.90677432855,11.789220468664112,0.05360219271394126,59314.55265679822,60027.68470494476,58718.68367631188,17797613.145576477,1067481251950.5554,351485950373536.94,5924186818.184889,100600.0
2025-11-17,131,59319.536362591,11.62958826245655,0.05335308576385231,59326.31953832109,60039.493867367186,58730.23859812818,17800932.73810551,1067904080863.0623,351557546019412.56,5924225558.165153,97800.0
2025-11-18,132,59331.00790955246,11.471546961457776,0.05310625990858306,59337.92624576757,60051.14307367372,58741.63616600794,17804249.923354857,1068323551226.5203,351628191278825.2,5924264173.802286,96500.0
2025-11-19,133,59342.32299526772,11.315085715260253,0.0528617019919245,59349.37438284894,60062.633918470274,58752.877955994445,17807564.35218449,1068739675753.6025,351697895456250.4,5924302662.825225,100600.0
2025-11-20,134,59353.483188955586,11.160193687872848,0.052619398833349734,59360.66554225047,60073.967985481526,58763.965533288494,17810875.68228196,1069152467317.647,351766667794696.75,5924341023.0202265,94800.0
2025-11-21,135,59364.4900490142,11.006860058619864,0.05237933722985119,59371.80130564761,60085.146847565375,58774.900452264344,17814183.57807633,1069561938948.1621,351834517475752.25,5924379252.2300625,96700.0
2025-11-24,136,59375.34512303745,10.855074023252214,0.05214150395808467,59382.78324372311,60096.172066728526,58785.68425648675,17817487.710652217,1069968103826.3442,351901453619637.56,5924417348.353227,99300.0
2025-11-25,137,59386.04994783236,10.704824794925813,0.05190588577631536,59393.61291618511,60107.04519414294,58796.318478728834,17820787.757664785,1070370975280.6948,351967485285265.5,5924455309.343143,102800.0
2025-11-26,138,59396.606049437345,10.556101604991014,0.05167246942614043,59404.29187178631,60117.767770163395,58806.80464099104,17824083.403256144,1070770566782.7118,352032621470306.3,5924493133.20739,103500.0
2025-11-27,139,59407.01494314151,10.408893704170183,0.05144124163461225,59414.82164834392,60128.34132434592,58817.14425452085,17827374.337971814,1071166891942.6128,352096871111259.6,5924530818.006925,100500.0
2025-11-28,140,59417.278133504755,10.26319036324277,0.05121218911586731,59425.20377276069,60138.76737546717,58827.338819833574,17830660.25867847,1071559964505.1418,352160243083531.6,5924568361.855324,100800.0
2025-12-01,141,59427.39711437895,10.118980874210607,0.05098529857321252,59435.43976104669,60149.04743154479,58837.389826733925,17833940.868481785,1071949798345.4242,352222746201518.94,5924605762.918024,103400.0
2025-12-02,142,59437.37336892984,9.976254550888157,0.05076055670065602,59445.53111834219,60159.18298985858,58847.298754338546,17837215.87664584,1072336407464.8818,352284389218697.44,5924643019.411576,104500.0
2025-12-03,143,59447.208369659864,9.83500073003303,0.05053795018486337,59455.479338941215,60169.17553697271,58857.067071099314,17840484.998512927,1072719805987.2393,352345180827717.0,5924680129.602907,105100.0
2025-12-04,144,59456.90357843172,9.695208771859612,0.050317465706521375,59465.28590631603,60179.026548758506,58866.69623482746,17843747.95542466,1073100008154.5884,352405129660501.1,5924717091.808583,108400.0
2025-12-05,145,59466.460446493016,9.556868061306446,0.05009908994261089,59474.952293142356,60188.737490418374,58876.18769271858,17847004.474642463,1073477028323.4336,352464244288353.3,5924753904.394091,109500.0
2025-12-08,146,59475.88041450138,9.419968008370475,0.04988280956744426,59484.47996132567,60198.30981651038,58885.54288137844,17850254.289270572,1073850880960.9121,352522533222066.9,5924790565.773115,108400.0
2025-12-09,147,59485.164912550725,9.284498049354411,0.049668611254880396,59493.8703620279,60207.744970973756,58894.76322684948,17853497.138177995,1074221580640.9562,352580004912041.56,5924827074.4068365,108000.0
2025-12-10,148,59494.31536019776,9.150447647041133,0.04945648167913039,59503.12493569532,60217.04438715494,58903.85014463811,17856732.765923917,1074589142040.6819,352636667748403.1,5924863428.803224,107300.0
2025-12-11,149,59503.33316648994,9.01780629218753,0.049246407517322094,59512.2451120867,60226.20948783475,58912.80503974278,17859960.922680154,1074953579936.6047,352692530061130.56,5924899627.516342,108900.0
2025-12-12,150,59512.2197299936,8.88656350366297,0.04903837545033504,59521.23231030276,60235.241685256035,58921.62930668279,17863181.364157185,1075314909201.0784,352747600120185.9,5924935669.145669,104800.0
2025-12-15,151,59520.976438823,8.756708829409277,0.04883237216438538,59530.08793881598,60244.14238115218,58930.32432952775,17866393.85153047,1075673144798.7887,352801886135649.2,5924971552.335411,102800.0
2025-12-16,152,59529.60467067013,8.628231847123757,0.04862838435280134,59538.813395501114,60252.91296677626,58938.89148192771,17869598.151366204,1076028301783.1857,352855396257859.0,5925007275.773835,107900.0
2025-12-17,153,59538.10579283505,8.501122164925178,0.04842639871714857,59547.4100676666,60261.55482293099,58947.33212714412,17872794.03554942,1076380395293.102,352908138577556.2,5925042838.192602,107600.0
2025-12-18,154,59546.48116225714,8.375369422095233,0.04822640196903136,59555.879332086435,60270.069319999275,58955.64761808123,17875981.28121119,1076729440549.3013,352960121126033.25,5925078238.366112,106300.0
2025-12-19,155,59554.732125546616,8.250963289479856,0.04802838083086755,59564.22255503296,60278.457817975446,58963.83929731838,17879159.67065867,1077075452851.2305,353011351875286.4,5925113475.110849,110500.0
2025-12-22,156,59562.86001901715,8.127893470541963,0.04783232203810281,59572.44109230983,60286.72166649719,58971.908497142635,17882328.9913031,1077418447573.6427,353061838738173.75,5925148547.284745,111500.0
2025-12-23,157,59570.86616871873,8.006149701574728,0.047638212339779024,59580.536289286254,60294.862204878096,58979.856539582295,17885489.035591282,1077758440163.4536,353111589568576.0,5925183453.786538,111100.0
2025-12-24,158,59578.75189047115,7.88572175242372,0.047446038500073534,59588.50948093122,60302.880762140696,58987.6847364408,17888639.600936368,1078095446136.5427,353160612161561.5,5925218193.555146,117000.0
2025-12-26,159,59586.51848989856,7.766599427423003,0.047255787300170965,59596.36199184858,60310.77865705038,58995.394389331355,17891780.489648078,1078429481074.5522,353208914253556.56,5925252765.569044,119500.0
2025-12-29,160,59594.1672624639,7.64877256534011,0.04706744553854966,59604.095136313,60318.55719814968,59002.98678971212,17894911.50886666,1078760560621.9115,353256503522517.3,5925287168.84565,119900.0
2025-12-30,161,59601.69949350437,7.532231040476077,0.046881000032859305,59611.71021830587,60326.21768379318,59010.46321892178,17898032.470495276,1079088700482.78,353303387588107.0,5925321402.440714,128500.0
2026-01-02,162,59609.116458267265,7.416964762911007,0.04669643762103867,59619.2085315522,60333.761402182994,59017.82494821587,17901143.191133182,1079413916418.0237,353349574011876.3,5925355465.44772,138100.0
2026-01-05,163,59616.41942194651,7.302963679252585,0.04651374516253956,59626.59135955796,60341.189631404886,59025.073238803525,17904243.492010415,1079736224242.3254,353395070297447.56,5925389356.997288,138900.0
2026-01-06,164,59623.60963971931,7.1902177728020575,0.046332909538959605,59633.85997564798,60348.5036394647,59032.20934188468,17907333.19892373,1080055639821.3569,353439883890701.1,5925423076.256587,141000.0
2026-01-07,165,59630.688356783816,7.078717064515345,0.046153917656085536,59641.01564300399,60355.70468432552,59039.234498687874,17910412.142170392,1080372179068.8228,353484022179967.3,5925456622.428756,138800.0
2026-01-08,166,59637.65680839695,6.968451613135372,0.04597675644430041,59648.05961470377,60362.79401394524,59046.149940508476,17913480.156486165,1080685857943.7844,353527492496219.75,5925489994.752323,139000.0
2026-01-09,167,59644.516219912715,6.859411515774141,0.045801412859874574,59654.99313376028,60369.772866314575,59052.95688874738,17916537.08098176,1080996692447.8844,353570302113272.7,5925523192.500643,138800.0
2026-01-12,168,59651.267806821255,6.751586908538471,0.04562787388630282,59661.81743316145,60376.642469495724,59059.656554950205,17919582.75907972,1081304698622.6075,353612458247981.8,5925556214.981331,137600.0
2026-01-13,169,59657.912774787896,6.644967966645041,0.04545612653477113,59668.53373591046,60383.404041661255,59066.25014084687,17922617.03845416,1081609892546.7141,353653968060446.8,5925589061.535709,140300.0
2026-01-14,170,59664.45231969302,6.539544905127983,0.0452861578457234,59675.14325506629,60390.058791133604,59072.73883839158,17925639.770968802,1081912290333.591,353694838654218.3,5925621731.538258,143900.0
2026-01-15,171,59670.8876276722,6.435307979192217,0.04511795488962353,59681.64719378484,60396.60791642497,59079.123829803364,17928650.81261653,1082211908128.69,353735077076506.94,5925654224.396069,148900.0
2026-01-16,172,59677.21987515675,6.332247484549285,0.04495150476790885,59688.04674536046,60403.05260627761,59085.40628760683,17931650.023460105,1082508762107.0325,353774690318395.2,5925686539.548313,149300.0
2026-01-19,173,59683.45022891462,6.230353757878916,0.04478679461394361,59694.343093267766,60409.39403970455,59091.58737467345,17934637.267572887,1082802868470.7466,353813685315052.06,5925718676.465707,145200.0
2026-01-20,174,59689.57984609191,6.129617177294691,0.04462381159421666,59700.53741120391,60415.63338603075,59097.668244263186,17937612.412979648,1083094243446.5771,353852068945951.1,5925750634.649989,149500.0
2026-01-21,175,59695.609874254435,6.030028162526847,0.04446254290882909,59706.630863131366,60421.771804934564,59103.6500400665,17940575.331599403,1083382903283.5684,353889848035089.6,5925782413.633403,152300.0
2026-01-22,176,59701.54145142983,5.931577175403632,0.044302975792626625,59712.62460332075,60427.81044648962,59109.533896246605,17943525.899188057,1083668864250.7046,353927029351211.2,5925814012.978181,152100.0
2026-01-23,177,59707.375706150044,5.834254720213508,0.04414509751612425,59718.51977639427,60433.750451207074,59115.32093748223,17946463.995281354,1083952142634.5656,353963619608030.9,5925845432.276042,152100.0
2026-01-26,178,59713.11375749406,5.738051344020292,0.043988895386220944,59724.31751736946,60439.5929500782,59121.012279010625,17949389.503139067,1084232754737.1222,353999625464462.3,5925876671.14769,159500.0
2026-01-27,179,59718.75671513097,5.642957636915085,0.0438343567470417,59730.018951703154,60445.33906461729,59126.60902667087,17952302.309689473,1084510716873.4695,354035053524846.8,5925907729.242317,162400.0
2026-01-28,180,59724.305679363366,5.5489642324039465,0.0436814689807242,59735.62519533581,60450.989906904884,59132.112276947475,17955202.305474892,1084786045369.6989,354069910339185.25,5925938606.237118,160700.0
2026-01-29,181,59729.76174117116,5.456061807800111,0.04353021950846356,59741.137354736136,60456.5465796314,59137.52311701442,17958089.384596374,1085058756560.6671,354104202403372.3,5925969301.836803,160500.0
2026-01-30,182,59735.1259822555,5.364241084347682,0.0433805957909362,59746.55652694618,60462.01017614098,59142.84262477936,17960963.444660857,1085328866787.9663,354137936159431.8,5925999815.773128,150400.0
2026-02-02,183,59740.39947508302,5.273492827526539,0.043232585329154055,59751.88379962638,60467.381780475596,59148.07186892807,17963824.386728197,1085596392397.8492,354171117995754.7,5926030147.804412,167500.0
2026-02-03,184,59745.5832829305,5.183807847495942,0.04308617566537584,59757.12025110111,60472.66246741956,59153.211908969264,17966672.115257934,1085861349739.1731,354203754247339.1,5926060297.715081,169100.0
2026-02-04,185,59750.67845992964,5.095176999138417,0.04294135438359312,59762.26695040447,60477.85330254423,59158.26379527965,17969506.538057715,1086123755161.4285,354235851196032.06,5926090265.315205,159300.0
2026-02-05,186,59755.686051112076,5.00759118244288,0.04279810911030743,59767.32495732625,60482.95534225294,59163.22856914912,17972327.566232175,1086383625012.7878,354267415070772.6,5926120050.440038,158600.0
2026-02-06,187,59760.60709245484,4.921041342773165,0.04265642751534701,59772.295322458194,60487.96963382631,59168.10726282638,17975135.114131354,1086640975638.1619,354298452047837.9,5926149652.949574,166400.0
2026-02-09,188,59765.44261092583,4.8355184709923975,0.042516297312359036,59777.179087240525,60492.897215467696,59172.900899564636,17977929.099300798,1086895823377.331,354328968251089.5,5926179072.728106,165800.0
2026-02-10,189,59770.19362452947,4.751013603653988,0.04237770625931789,59781.97728400862,60497.73911634883,59177.610493667526,17980709.442432627,1087148184563.1504,354358969752221.94,5926208309.683775,167800.0
2026-02-11,190,59774.86114235289,4.667517823429094,0.04224064215956455,59786.69093603984,60502.4963566558,59182.23705053529,17983476.067315143,1087398075519.6584,354388462571013.4,5926237363.748152,178600.0
2026-02-12,191,59779.44616461194,4.585022259060693,0.04210509286198047,59791.321057600784,60507.16994763519,59186.78156671116,17986228.900785215,1087645512560.3666,354417452675576.6,5926266234.875798,181200.0
2026-02-13,192,59783.949682697654,4.503518085719648,0.041971046261909034,59795.86865399445,60511.76089164038,59191.24502992786,17988967.872679546,1087890511986.4819,354445945982612.94,5926294923.04385,190000.0
2026-02-19,193,59788.37267922282,4.422996525175009,0.04183849030158812,59800.33472160786,60516.27018217811,59195.62841915439,17991692.915787406,1088133090085.2067,354473948357666.06,5926323428.251596,190100.0
2026-02-20,194,59792.71612806866,4.343448845853359,0.04170741297063038,59804.720247959674,60520.69880395518,59199.93270464291,17994403.965803698,1088373263128.0745,354501465615378.25,5926351750.520069,193000.0
2026-02-23,195,59796.98099443182,4.264866363162142,0.041577802306765305,59809.026211747994,60525.0477329254,59204.158847975785,17997100.961282317,1088611047369.2903,354528503519747.5,5926379889.891635,200000.0
2026-02-24,196,59801.168234871344,4.187240439529674,0.04144964639616808,59813.25358289841,60529.31793633655,59208.30780211283,17999783.84359044,1088846459044.1521,354555067784385.6,5926407846.429593,203500.0
2026-02-25,197,59805.27879735585,4.11056248451861,0.041322933373962284,59817.403322612096,60533.510372777644,59212.38051143862,18002452.556863286,1089079514367.4683,354581164072777.75,5926435620.217778,218000.0
2026-02-26,198,59809.31362131112,4.034823955269772,0.041197651425159604,59821.476383414025,60537.625992226334,59216.37791181,18005107.047958337,1089310229531.9681,354606797998543.8,5926463211.360168,216500.0
2026-02-27,199,59813.27363766731,3.9600163561972437,0.04107378878441556,59825.4737092016,60541.66573609637,59220.300930603815,18007747.266411975,1089538620706.8499,354631975125699.1,5926490619.980496,195100.0
2026-03-03,200,59817.15976890672,3.8861312394058274,0.040951333737078904,59829.39623529294,60545.63053728526,59224.15048676453,18010373.16439491,1089764704036.26,354656700968917.8,5926517846.221869,172200.0
2026-03-04,201,59820.97292911143,3.8131602047110533,0.04083027461930863,59833.24488847567,60549.521320222004,59227.92749085208,18012984.69666964,1089988495637.887,354680980993796.1,5926544890.246389,191600.0
2026-03-05,202,59824.714024011184,3.7410948997553675,0.04071059981871236,59837.02058705557,60553.33900091499,59231.632845089924,18015581.820546605,1090210011601.4814,354704820617117.44,5926571752.23478,188200.0
2026-03-06,203,59828.38395103142,3.6699270202452823,0.040592297774830394,59840.724240905554,60557.08448700003,59235.267443413075,18018164.495841976,1090429267987.4844,354728225207117.9,5926598432.386023,173500.0
2026-03-09,204,59831.98359934115,3.5996483097292327,0.04047535697913948,59844.35675151458,60560.758677788384,59238.832171516246,18020732.684836477,1090646280825.6921,354751200083752.06,5926624930.9169855,187900.0
2026-03-10,205,59835.51384990112,3.5302505599777447,0.04035976597586663,59847.91901203662,60564.36246431498,59242.327906902065,18023286.352233358,1090861066113.9025,354773750518960.44,5926651248.062071,190000.0
2026-03-11,206,59838.975575512035,3.4617256109206807,0.04024551336213497,59851.411907339796,60567.89672938664,59245.75551892936,18025825.465117928,1091073639816.6262,354795881736937.2,5926677384.072859,187900.0
2026-03-12,207,59842.36964086283,3.3940653508023075,0.04013258778856596,59854.83631405557,60571.36234763047,59249.1158688616,18028349.992916495,1091284017863.7739,354817598914398.9,5926703339.217758,183500.0
2026-03-13,208,59845.696902579,3.327261716172657,0.04002097795935952,59858.193100628,60574.76018554229,59252.409809915276,18030859.907357007,1091492216149.4456,354838907180853.3,5926729113.781659,188700.0
2026-03-16,209,59848.95820927098,3.2613066919850695,0.03991067263281031,59861.483127363026,60578.09110153506,59255.638187308425,18033355.18242918,1091698250530.6902,354859811618869.5,5926754708.065595,193900.0
2026-03-17,210,59852.15440158262,3.1961923116418944,0.03980166062159882,59864.707246477796,60581.355945987496,59258.801838309184,18035835.794345483,1091902136826.3123,354880317264347.9,5926780122.386404,208500.0
2026-03-18,211,59855.286312239565,3.1319106569467436,0.039693930792971205,59867.86630215008,60584.55556129257,59261.901592284274,18038301.721503194,1092103890815.7405,354900429106790.9,5926805357.0764,200500.0
2026-03-19,212,59858.35476609797,3.0684538584118997,0.03958747206942856,59870.96113056765,60587.690781906225,59264.93827074771,18040752.944445178,1092303528237.8168,354920152089574.9,5926830412.483043,199400.0
2026-03-20,213,59861.36058019286,3.005814094894518,0.03948227342846042,59873.99255997779,60590.762434396005,59267.91268740942,18043189.44582332,1092501064789.7546,354939491110221.0,5926855288.968615,186300.0
2026-03-23,214,59864.30456378679,2.9439835939442816,0.03937832390325377,59876.96141073673,60593.77133748974,59270.825648223836,18045611.21036102,1092696516126.0242,354958451020667.75,5926879986.909902,189700.0
2026-03-24,215,59867.18751841855,2.882954631762246,0.03927561258296661,59879.868495359086,60596.71830212437,59273.67795143866,18048018.22481554,1092889897857.2372,354977036627543.7,5926904506.697881,189000.0
2026-03-25,216,59870.01023795155,2.8227195330007504,0.03917412861257827,59882.71461856753,60599.604131494525,59276.470387643494,18050410.47794336,1093081225549.2134,354995252692439.44,5926928848.737407,180100.0
2026-03-26,217,59872.773508622646,2.763270671096066,0.03907386119362263,59885.50057734208,60602.429621101444,59279.20373981854,18052787.960462842,1093270514721.8745,355013103932181.4,5926953013.446906,179700.0
2026-03-27,218,59875.47810909068,2.70460046804034,0.03897479958414704,59888.22716096974,60605.19555880167,59281.878783383334,18055150.66501923,1093457780848.2788,355030595019104.75,5926977001.258077,176300.0
2026-03-30,219,59878.12481048507,2.6467013943890976,0.03887693309891169,59890.89515109398,60607.902724855776,59284.496286245325,18057498.58615022,1093643039353.693,355047730581326.75,5927000812.615587,167200.0
2026-03-31,220,59880.71437645439,2.589565969328774,0.03878025110969538,59893.50532176417,60610.55189197717,59287.0570088486,18059831.720250875,1093826305614.6298,355064515203020.4,5927024447.976783,189600.0
2026-04-01,221,59883.247563215096,2.5331867607205965,0.038684743045630826,59896.058439485,60613.14382538084,59289.561704222506,18062150.06553913,1094007594957.8857,355080953424688.5,5927047907.811398,178400.0
2026-04-02,222,59885.7251195999,2.4775563848043163,0.03859039839299569,59898.55526326609,60615.679282832054,59292.01111803031,18064453.622023005,1094186922659.7239,355097049743436.8,5927071192.601264,186200.0
2026-04-03,223,59888.147787106405,2.4226675065117576,0.038497206695791014,59900.99654467118,60618.15901469506,59294.40598861766,18066742.391466714,1094364303944.9609,355112808613248.5,5927094302.840033,193100.0
2026-04-06,224,59890.516299945695,2.3685128392967414,0.038405157555888,59903.383027867596,60620.58376398185,59296.74704706133,18069016.377357006,1094539753986.0643,355128234445258.1,5927117239.032895,196500.0
2026-04-07,225,59892.8313850906,2.315085144911805,0.038314240632742,59905.71544967567,60622.954266400666,59299.03501721758,18071275.584872402,1094713287902.4414,355143331608024.94,5927140001.696306,210500.0
2026-04-08,226,59895.093762324344,2.2623772337431234,0.03822444564422342,59907.99453961783,60625.271250404745,59301.27061577066,18073520.02084941,1094884920759.519,355158104427807.4,5927162591.357714,204000.0
2026-04-09,227,59897.30414428868,2.210381964346894,0.03813576236601754,59910.221019968056,60627.53543724078,59303.45455228128,18075749.693752196,1095054667568.0457,355172557188836.1,5927185008.555293,206000.0
2026-04-10,228,59899.46323653244,2.1590922437701607,0.0380481806324727,59912.39560580079,60629.74754099747,59305.58752923483,18077964.61364018,1095222543283.2659,355186694133588.56,5927207253.837681,201000.0
2026-04-13,229,59901.57173755969,2.108501027251137,0.037961690336218185,59914.519005040296,60631.90826865401,59307.670242089865,18080164.792137712,1095388562804.2029,355200519463061.9,5927229327.763717,206500.0
2026-04-14,230,59903.630338877934,2.0586013182528546,0.037876281428474406,59916.591918509606,60634.01832012848,59309.70337932621,18082350.24240337,1095552740972.9299,355214037337046.44,5927251230.902186,211000.0
2026-04-15,231,59905.63972504626,2.0093861683294705,0.03779194391907334,59918.61503997949,60636.078388326154,59311.68762249318,18084520.979100198,1095715092573.8871,355227251874398.9,5927272963.83157,217500.0
2026-04-16,232,59907.6005737234,1.9608486771435452,0.03770866787664903,59920.58905621737,60638.08915918778,59313.62364625759,18086677.018365603,1095875632333.1824,355240167153315.1,5927294527.13979,216000.0
2026-04-17,233,59909.51355571576,1.9129819923607698,0.03762644342868046,59922.51464703615,60640.05131173782,59315.51211845188,18088818.377781957,1096034374917.9209,355252787211603.3,5927315921.423968,214500.0
2026-04-20,234,59911.3793350253,1.865779309539917,0.03754526076157813,59924.39248534298,60641.96551813256,59317.353700121996,18090945.07634762,1096191334935.5674,355265116046955.8,5927337147.290185,219000.0
2026-04-21,235,59913.19856889729,1.8192338720059666,0.037465110120602135,59926.223237187885,60643.8324437081,59319.14904557518,18093057.134448834,1096346526933.3501,355277157617221.4,5927358205.353235,217500.0
2026-04-22,236,59914.971907868276,1.773338970997898,0.03738598181038863,59928.007561812294,60645.652747028435,59320.89880242782,18095154.57383025,1096499965397.5756,355288915840677.7,5927379096.236399,224500.0
2026-04-23,237,59916.699995813506,1.72808794523759,0.03730786619435786,59929.746111697685,60647.42707993325,59322.60361165311,18097237.417568367,1096651664753.1367,355300394596301.7,5927399820.571204,219500.0
2026-04-24,238,59918.3834699945,1.68347418100349,0.037230753695082525,59931.43953261376,60649.15608758568,59324.26410762851,18099305.690043684,1096801639362.9098,355311597724040.94,5927420378.997203,224500.0
2026-04-27,239,59920.022961106646,1.6394911121474394,0.037154634794549585,59933.08846366673,60650.84040852003,59325.88091818327,18101359.416912768,1096949903527.1636,355322529025084.6,5927440772.161742,222000.0
2026-04-28,240,59921.619093326386,1.5961322197397436,0.03707950003372282,59934.693537347615,60652.48067468937,59327.454664645804,18103398.625082336,1097096471483.085,355333192262133.25,5927461000.719744,226000.0
2026-04-29,241,59923.17248435861,1.553391032226969,0.03700534001299602,59936.25537958013,60654.07751151299,59328.9859618909,18105423.342682056,1097241357404.2104,355343591159668.8,5927481065.333486,220500.0
